,PassengerId,Survived,Pclass,Age,SibSp,Parch,Fare,Embarked_num,Sex_num,Fare
0,0.0,0.0,1.0,0.2711736617240512,0.125,0.0,0.014151057562208049,2,2,7.25
1,0.0011235955056179776,1.0,0.0,0.4722292033174164,0.125,0.0,0.13913573538264068,3,3,71.2833
2,0.002247191011235955,1.0,1.0,0.32143754712239253,0.0,0.0,0.015468569817999833,2,3,7.925
3,0.0033707865168539327,1.0,0.0,0.4345312892686604,0.125,0.0,0.10364429745562033,2,3,53.1
4,0.0044943820224719105,0.0,1.0,0.4345312892686604,0.0,0.0,0.015712553569072387,2,2,8.05
5,0.0056179775280898875,0.0,1.0,0.34656948982156316,0.0,0.0,0.01650950209357577,4,2,8.4583
6,0.006741573033707865,0.0,0.0,0.6732847449107816,0.0,0.0,0.10122885832000206,2,2,51.8625
7,0.007865168539325843,0.0,1.0,0.01985423473234481,0.375,0.16666666666666666,0.04113566043083236,2,2,21.075
8,0.008988764044943821,1.0,1.0,0.33400351847197784,0.0,0.3333333333333333,0.021730754366528396,2,3,11.1333
9,0.010112359550561799,1.0,0.5,0.17064589092736868,0.125,0.0,0.058694292654020104,3,3,30.0708
10,0.011235955056179777,1.0,1.0,0.04498617743151546,0.125,0.16666666666666666,0.03259622914329302,2,3,16.7
11,0.012359550561797753,1.0,0.0,0.723548630309123,0.0,0.0,0.051822148727810165,2,3,26.55
12,0.01348314606741573,0.0,1.0,0.24604171902488062,0.0,0.0,0.015712553569072387,2,2,8.05
13,0.014606741573033709,0.0,1.0,0.4847951746670017,0.125,0.8333333333333333,0.06104473451835265,2,2,31.275
14,0.01573033707865169,0.0,1.0,0.17064589092736868,0.0,0.0,0.015330377421392339,2,3,7.8542
15,0.016853932584269666,1.0,0.5,0.685850716260367,0.0,0.0,0.03122992013728673,2,3,16.0
16,0.017977528089887642,0.0,1.0,0.01985423473234481,0.5,0.16666666666666666,0.05684821399990475,4,2,29.125
17,0.01910112359550562,1.0,0.5,0.34656948982156316,0.0,0.0,0.025374310111545468,2,2,13.0
18,0.020224719101123598,0.0,1.0,0.38426740387031916,0.125,0.0,0.03513366015444757,2,3,18.0
19,0.021348314606741577,1.0,1.0,0.34656948982156316,0.0,0.0,0.014102260811993537,3,3,7.225
20,0.022471910112359553,0.0,0.5,0.4345312892686604,0.0,0.0,0.050748620223090936,2,2,26.0
21,0.023595505617977533,1.0,0.5,0.4219653179190751,0.0,0.0,0.025374310111545468,2,2,13.0
22,0.02471910112359551,1.0,1.0,0.18321186227695402,0.0,0.0,0.015671954672893913,4,3,8.0292
23,0.025842696629213485,1.0,0.0,0.34656948982156316,0.0,0.0,0.06929138530460494,2,2,35.5
24,0.026966292134831465,0.0,1.0,0.09525006282985675,0.375,0.16666666666666666,0.04113566043083236,2,3,21.075
25,0.02808988764044944,1.0,1.0,0.4722292033174164,0.125,0.8333333333333333,0.06126431989431795,2,3,31.3875
26,0.02921348314606742,0.0,1.0,0.34656948982156316,0.0,0.0,0.014102260811993537,3,2,7.225
27,0.030337078651685397,0.0,0.0,0.2334757476752953,0.375,0.3333333333333333,0.5133418122566507,2,2,263.0
28,0.03146067415730337,1.0,1.0,0.34656948982156316,0.0,0.0,0.01537917417160685,4,3,7.8792
29,0.032584269662921356,0.0,1.0,0.34656948982156316,0.0,0.0,0.015411575213749286,2,2,7.8958
30,0.03370786516853933,0.0,0.0,0.49736114601658704,0.0,0.0,0.05410739813385612,3,2,27.7208
31,0.03483146067415731,1.0,0.0,0.34656948982156316,0.125,0.0,0.2859895551532101,3,3,146.5208
32,0.035955056179775284,1.0,1.0,0.34656948982156316,0.0,0.0,0.015126992566498259,4,3,7.75
33,0.03707865168539326,0.0,0.5,0.8240764011058055,0.0,0.0,0.020494635090094415,2,2,10.5
34,0.03820224719101124,0.0,0.0,0.34656948982156316,0.125,0.0,0.16038672010106003,3,2,82.1708
35,0.03932584269662922,0.0,0.0,0.5224930887157577,0.125,0.0,0.10149724044618187,2,2,52.0
36,0.040449438202247195,1.0,1.0,0.34656948982156316,0.0,0.0,0.014110458666029575,3,2,7.2292
37,0.04157303370786517,0.0,1.0,0.2586076903744659,0.0,0.0,0.015712553569072387,2,2,8.05
38,0.042696629213483155,0.0,1.0,0.22090977632571,0.25,0.0,0.03513366015444757,2,3,18.0
39,0.04382022471910113,1.0,1.0,0.17064589092736868,0.125,0.0,0.021942337075458514,3,3,11.2417
40,0.04494382022471911,0.0,1.0,0.49736114601658704,0.125,0.0,0.018493968331299484,2,3,9.475
41,0.04606741573033708,0.0,0.5,0.33400351847197784,0.125,0.0,0.04098927018018883,2,3,21.0
42,0.04719101123595506,0.0,1.0,0.34656948982156316,0.0,0.0,0.015411575213749286,3,2,7.8958
43,0.04831460674157304,1.0,0.5,0.032420206081930136,0.125,0.3333333333333333,0.08115719346076702,3,3,41.5792
44,0.04943820224719102,1.0,1.0,0.2334757476752953,0.0,0.0,0.01537917417160685,4,3,7.8792
45,0.050561797752808994,0.0,1.0,0.34656948982156316,0.0,0.0,0.015712553569072387,2,2,8.05
46,0.05168539325842697,0.0,1.0,0.34656948982156316,0.125,0.0,0.030253985132996517,4,2,15.5
47,0.052808988764044947,1.0,1.0,0.34656948982156316,0.0,0.0,0.015126992566498259,4,3,7.75
48,0.05393258426966293,0.0,1.0,0.34656948982156316,0.25,0.0,0.04231498029001666,3,2,21.6792
49,0.055056179775280906,0.0,1.0,0.22090977632571,0.125,0.0,0.034743286152731485,2,3,17.8
50,0.05617977528089888,0.0,1.0,0.08268409148027142,0.5,0.16666666666666666,0.07746484096553544,2,2,39.6875
51,0.05730337078651686,0.0,1.0,0.2586076903744659,0.0,0.0,0.01522458606692728,2,2,7.8
52,0.05842696629213484,1.0,0.0,0.610454888162855,0.125,0.0,0.1497654242623688,3,3,76.7292
53,0.05955056179775282,1.0,0.5,0.35913546117114853,0.125,0.0,0.050748620223090936,2,3,26.0
54,0.06067415730337079,0.0,0.0,0.8115104297562202,0.0,0.16666666666666666,0.1209753416358076,3,2,61.9792
55,0.06179775280898877,1.0,0.0,0.34656948982156316,0.0,0.0,0.06929138530460494,2,2,35.5
56,0.06292134831460675,1.0,0.5,0.2586076903744659,0.0,0.0,0.020494635090094415,2,3,10.5
57,0.06404494382022471,0.0,1.0,0.35285247549635584,0.0,0.0,0.014110458666029575,3,2,7.2292
58,0.0651685393258427,1.0,0.5,0.05755214878110078,0.125,0.3333333333333333,0.05416439273810667,2,3,27.75
59,0.06629213483146068,0.0,1.0,0.1329479768786127,0.625,0.3333333333333333,0.09154270340242172,2,2,46.9
60,0.06741573033707865,0.0,1.0,0.2711736617240512,0.0,0.0,0.014110458666029575,3,2,7.2292
61,0.06853932584269663,1.0,0.0,0.4722292033174164,0.0,0.0,0.15614960068643363,2,3,80.0
62,0.0696629213483146,0.0,0.0,0.5601910027645137,0.125,0.0,0.16293234896625058,2,2,83.475
63,0.07078651685393259,0.0,1.0,0.04498617743151546,0.375,0.3333333333333333,0.05445717323939373,2,2,27.9
64,0.07191011235955057,0.0,0.0,0.34656948982156316,0.0,0.0,0.05410739813385612,3,2,27.7208
65,0.07303370786516854,1.0,1.0,0.34656948982156316,0.125,0.16666666666666666,0.029757819776815374,3,2,15.2458
66,0.07415730337078652,1.0,0.5,0.35913546117114853,0.0,0.0,0.020494635090094415,2,3,10.5
67,0.07528089887640449,0.0,1.0,0.2334757476752953,0.0,0.0,0.015923941091001644,2,2,8.1583
68,0.07640449438202247,1.0,1.0,0.20834380497612465,0.5,0.3333333333333333,0.015468569817999833,2,3,7.925
69,0.07752808988764046,0.0,1.0,0.32143754712239253,0.25,0.0,0.016908073949327893,2,2,8.6625
70,0.07865168539325842,0.0,0.5,0.39683337521990447,0.0,0.0,0.020494635090094415,2,2,10.5
71,0.07977528089887641,0.0,1.0,0.19577783362653933,0.625,0.3333333333333333,0.09154270340242172,2,3,46.9
72,0.08089887640449438,0.0,0.5,0.2586076903744659,0.0,0.0,0.1434624456306609,2,2,73.5
73,0.08202247191011236,0.0,1.0,0.32143754712239253,0.125,0.0,0.028212719478023115,3,2,14.4542
74,0.08314606741573034,1.0,1.0,0.39683337521990447,0.0,0.0,0.11027245763075773,2,2,56.4958
75,0.08426966292134831,0.0,1.0,0.3088715757728072,0.0,0.0,0.014931805565640218,2,2,7.65
76,0.0853932584269663,0.0,1.0,0.34656948982156316,0.0,0.0,0.015411575213749286,2,2,7.8958
77,0.08651685393258428,0.0,1.0,0.34656948982156316,0.0,0.0,0.015712553569072387,2,2,8.05
78,0.08764044943820225,1.0,0.5,0.005152048253329982,0.0,0.3333333333333333,0.056604230248832196,2,2,29.0
79,0.08876404494382023,1.0,1.0,0.37170143252073384,0.0,0.0,0.024349578357040744,2,3,12.475
80,0.0898876404494382,0.0,1.0,0.2711736617240512,0.0,0.0,0.017566830077223785,2,2,9.0
81,0.09101123595505618,1.0,1.0,0.35913546117114853,0.0,0.0,0.018542765081513996,2,2,9.5
82,0.09213483146067417,1.0,1.0,0.34656948982156316,0.0,0.0,0.015200187691820024,4,3,7.7875
83,0.09325842696629214,0.0,0.0,0.34656948982156316,0.0,0.0,0.09193307740413781,2,2,47.1
84,0.09438202247191012,1.0,0.5,0.20834380497612465,0.0,0.0,0.020494635090094415,2,3,10.5
85,0.09550561797752809,1.0,1.0,0.4093993465694898,0.375,0.0,0.030937139635999665,2,3,15.85
86,0.09662921348314607,0.0,1.0,0.19577783362653933,0.125,0.5,0.06709553154495196,2,2,34.375
87,0.09775280898876405,0.0,1.0,0.34656948982156316,0.0,0.0,0.015712553569072387,2,2,8.05
88,0.09887640449438202,1.0,0.0,0.2837396330736366,0.375,0.3333333333333333,0.5133418122566507,2,3,263.0
89,0.1,0.0,1.0,0.2963056044232219,0.0,0.0,0.015712553569072387,2,2,8.05
90,0.10112359550561797,0.0,1.0,0.35913546117114853,0.0,0.0,0.015712553569072387,2,2,8.05
91,0.10224719101123596,0.0,1.0,0.24604171902488062,0.0,0.0,0.015330377421392339,2,2,7.8542
92,0.10337078651685394,0.0,0.0,0.5727569741140991,0.125,0.0,0.11940564777490723,2,2,61.175
93,0.10449438202247191,0.0,1.0,0.32143754712239253,0.125,0.3333333333333333,0.04015972542654215,2,2,20.575
94,0.10561797752808989,0.0,1.0,0.7361146016587082,0.0,0.0,0.014151057562208049,2,2,7.25
95,0.10674157303370786,0.0,1.0,0.34656948982156316,0.0,0.0,0.015712553569072387,2,2,8.05
96,0.10786516853932585,0.0,0.0,0.8869062578537321,0.0,0.0,0.06764049365134761,3,2,34.6542
97,0.10898876404494383,1.0,0.0,0.2837396330736366,0.0,0.16666666666666666,0.12366716556464086,3,2,63.3583
98,0.1101123595505618,1.0,0.5,0.4219653179190751,0.0,0.16666666666666666,0.044893010197349675,2,3,23.0
99,0.11123595505617978,0.0,0.5,0.4219653179190751,0.125,0.0,0.050748620223090936,2,2,26.0
100,0.11235955056179776,0.0,1.0,0.34656948982156316,0.0,0.0,0.015411575213749286,2,3,7.8958
101,0.11348314606741573,0.0,1.0,0.34656948982156316,0.0,0.0,0.015411575213749286,2,2,7.8958
102,0.11460674157303372,0.0,0.0,0.2586076903744659,0.0,0.16666666666666666,0.15085515328815924,2,2,77.2875
103,0.11573033707865168,0.0,1.0,0.4093993465694898,0.0,0.0,0.016891873428256675,2,2,8.6542
104,0.11685393258426967,0.0,1.0,0.4596632319678311,0.25,0.0,0.015468569817999833,2,2,7.925
105,0.11797752808988765,0.0,1.0,0.34656948982156316,0.0,0.0,0.015411575213749286,2,2,7.8958
106,0.11910112359550562,1.0,1.0,0.2586076903744659,0.0,0.0,0.014931805565640218,2,3,7.65
107,0.1202247191011236,1.0,1.0,0.34656948982156316,0.0,0.0,0.015175789316712771,2,2,7.775
108,0.12134831460674157,0.0,1.0,0.4722292033174164,0.0,0.0,0.015411575213749286,2,2,7.8958
109,0.12247191011235956,1.0,1.0,0.34656948982156316,0.125,0.0,0.04713766070721715,4,3,24.15
110,0.12359550561797754,0.0,0.0,0.5853229454636844,0.0,0.0,0.10149724044618187,2,2,52.0
111,0.12471910112359551,0.0,1.0,0.17692887660216136,0.125,0.0,0.028212719478023115,3,3,14.4542
112,0.1258426966292135,0.0,1.0,0.2711736617240512,0.0,0.0,0.015712553569072387,2,2,8.05
113,0.1269662921348315,0.0,1.0,0.24604171902488062,0.125,0.0,0.019177122834302632,2,3,9.825
114,0.12808988764044946,0.0,1.0,0.20834380497612465,0.0,0.0,0.028220722145058292,3,3,14.4583
115,0.12921348314606743,0.0,1.0,0.2586076903744659,0.0,0.0,0.015468569817999833,2,2,7.925
116,0.13033707865168542,0.0,1.0,0.8806232721789394,0.0,0.0,0.015126992566498259,4,2,7.75
117,0.1314606741573034,0.0,0.5,0.35913546117114853,0.125,0.0,0.04098927018018883,2,2,21.0
118,0.13258426966292136,0.0,0.0,0.2963056044232219,0.0,0.16666666666666666,0.4831284260198326,3,2,247.5208
119,0.13370786516853936,0.0,1.0,0.01985423473234481,0.5,0.3333333333333333,0.06104473451835265,2,3,31.275
120,0.13483146067415733,0.0,0.5,0.2586076903744659,0.25,0.0,0.1434624456306609,2,2,73.5
121,0.1359550561797753,0.0,1.0,0.34656948982156316,0.0,0.0,0.015712553569072387,2,2,8.05
122,0.13707865168539327,0.0,0.5,0.40311636089469716,0.125,0.0,0.058694292654020104,3,2,30.0708
123,0.13820224719101126,1.0,0.5,0.40311636089469716,0.0,0.0,0.025374310111545468,2,3,13.0
124,0.13932584269662923,0.0,0.0,0.6732847449107816,0.0,0.16666666666666666,0.15085515328815924,2,2,77.2875
125,0.1404494382022472,1.0,1.0,0.14551394822819805,0.125,0.0,0.021942337075458514,3,2,11.2417
126,0.1415730337078652,0.0,1.0,0.34656948982156316,0.0,0.0,0.015126992566498259,4,2,7.75
127,0.14269662921348317,1.0,1.0,0.2963056044232219,0.0,0.0,0.01393967004027879,2,2,7.1417
128,0.14382022471910114,1.0,1.0,0.34656948982156316,0.125,0.16666666666666666,0.04364049521284362,3,3,22.3583
129,0.14494382022471913,0.0,1.0,0.5601910027645137,0.0,0.0,0.013614293309848433,2,2,6.975
130,0.1460674157303371,0.0,1.0,0.4093993465694898,0.0,0.0,0.015411575213749286,3,2,7.8958
131,0.14719101123595507,0.0,1.0,0.24604171902488062,0.0,0.0,0.013760683560491965,2,2,7.05
132,0.14831460674157307,0.0,1.0,0.5853229454636844,0.125,0.0,0.028302115124416098,2,3,14.5
133,0.14943820224719104,1.0,0.5,0.35913546117114853,0.125,0.0,0.050748620223090936,2,3,26.0
134,0.150561797752809,0.0,0.5,0.3088715757728072,0.0,0.0,0.025374310111545468,2,2,13.0
135,0.15168539325842698,0.0,0.5,0.2837396330736366,0.0,0.0,0.02936744577509929,3,2,15.0458
136,0.15280898876404497,1.0,0.0,0.2334757476752953,0.0,0.3333333333333333,0.051301584996521765,2,3,26.2833
137,0.15393258426966294,0.0,0.0,0.4596632319678311,0.125,0.0,0.10364429745562033,2,2,53.1
138,0.1550561797752809,0.0,1.0,0.19577783362653933,0.0,0.0,0.01798980030808316,2,2,9.2167
139,0.1561797752808989,0.0,0.0,0.2963056044232219,0.0,0.0,0.15458810467956932,3,2,79.2
140,0.15730337078651688,0.0,1.0,0.34656948982156316,0.0,0.3333333333333333,0.029757819776815374,3,3,15.2458
141,0.15842696629213485,1.0,1.0,0.2711736617240512,0.0,0.0,0.015126992566498259,2,3,7.75
142,0.15955056179775284,1.0,1.0,0.2963056044232219,0.125,0.0,0.030937139635999665,2,3,15.85
143,0.1606741573033708,0.0,1.0,0.2334757476752953,0.0,0.0,0.013175122557917838,4,2,6.75
144,0.16179775280898878,0.0,0.5,0.22090977632571,0.0,0.0,0.022446505098674838,2,2,11.5
145,0.16292134831460675,0.0,0.5,0.2334757476752953,0.125,0.16666666666666666,0.07173122281533045,2,2,36.75
146,0.16404494382022475,1.0,1.0,0.33400351847197784,0.0,0.0,0.015216388212891242,2,2,7.7958
147,0.16516853932584272,0.0,1.0,0.10781603417944208,0.25,0.3333333333333333,0.06709553154495196,2,3,34.375
148,0.1662921348314607,0.0,0.5,0.4533802462930384,0.0,0.3333333333333333,0.050748620223090936,2,2,26.0
149,0.16741573033707868,0.0,0.5,0.5224930887157577,0.0,0.0,0.025374310111545468,2,2,13.0
150,0.16853932584269665,0.0,0.5,0.6355868308620256,0.0,0.0,0.02444717185746977,2,2,12.525
151,0.16966292134831462,1.0,0.0,0.2711736617240512,0.125,0.0,0.12999454257145598,2,3,66.6
152,0.17078651685393262,0.0,1.0,0.6921337019351597,0.0,0.0,0.015712553569072387,2,2,8.05
153,0.1719101123595506,0.0,1.0,0.5036441316913798,0.0,0.3333333333333333,0.028302115124416098,2,2,14.5
154,0.17303370786516856,0.0,1.0,0.34656948982156316,0.0,0.0,0.014273049437744325,2,2,7.3125
155,0.17415730337078655,0.0,0.0,0.6355868308620256,0.0,0.16666666666666666,0.11980421963065935,3,2,61.3792
156,0.17528089887640452,1.0,1.0,0.19577783362653933,0.0,0.0,0.015094396337354966,4,3,7.7333
157,0.1764044943820225,0.0,1.0,0.37170143252073384,0.0,0.0,0.015712553569072387,2,2,8.05
158,0.17752808988764046,0.0,1.0,0.34656948982156316,0.0,0.0,0.016908073949327893,2,2,8.6625
159,0.17865168539325846,0.0,1.0,0.34656948982156316,1.0,0.3333333333333333,0.13575255909676825,2,2,69.55
160,0.17977528089887643,0.0,1.0,0.5476250314149284,0.0,0.16666666666666666,0.031425107138144774,2,2,16.1
161,0.1808988764044944,1.0,0.5,0.49736114601658704,0.0,0.0,0.030741952635141623,2,3,15.75
162,0.1820224719101124,0.0,1.0,0.32143754712239253,0.0,0.0,0.015175789316712771,2,2,7.775
163,0.18314606741573036,0.0,1.0,0.20834380497612465,0.0,0.0,0.016908073949327893,2,2,8.6625
164,0.18426966292134833,0.0,1.0,0.007288263382759488,0.5,0.16666666666666666,0.07746484096553544,2,2,39.6875
165,0.18539325842696633,1.0,1.0,0.10781603417944208,0.0,0.3333333333333333,0.04006213192611313,2,2,20.525
166,0.1865168539325843,1.0,0.0,0.34656948982156316,0.0,0.16666666666666666,0.10735285047192313,2,3,55.0
167,0.18764044943820227,0.0,1.0,0.5601910027645137,0.125,0.6666666666666666,0.05445717323939373,2,3,27.9
168,0.18876404494382024,0.0,0.0,0.34656948982156316,0.0,0.0,0.050602229972447406,2,2,25.925
169,0.18988764044943823,0.0,1.0,0.34656948982156316,0.0,0.0,0.11027245763075773,2,2,56.4958
170,0.1910112359550562,0.0,0.0,0.7612465443578789,0.0,0.0,0.06538764528744409,2,2,33.5
171,0.19213483146067417,0.0,1.0,0.04498617743151546,0.5,0.16666666666666666,0.05684821399990475,4,2,29.125
172,0.19325842696629217,1.0,1.0,0.007288263382759488,0.125,0.16666666666666666,0.021730754366528396,2,3,11.1333
173,0.19438202247191014,0.0,1.0,0.2586076903744659,0.0,0.0,0.015468569817999833,2,2,7.925
174,0.1955056179775281,0.0,0.0,0.6984166876099522,0.0,0.0,0.05991421140938287,3,2,30.6958
175,0.1966292134831461,0.0,1.0,0.22090977632571,0.125,0.16666666666666666,0.015330377421392339,2,2,7.8542
176,0.19775280898876407,0.0,1.0,0.34656948982156316,0.375,0.16666666666666666,0.049707687947515,2,2,25.4667
177,0.19887640449438204,0.0,0.0,0.6230208595124404,0.0,0.0,0.05604306762136532,3,3,28.7125
178,0.20000000000000004,0.0,0.5,0.37170143252073384,0.0,0.0,0.025374310111545468,2,2,13.0
179,0.201123595505618,0.0,1.0,0.4470972606182458,0.0,0.0,0.0,2,2,0.0
180,0.20224719101123598,0.0,1.0,0.34656948982156316,1.0,0.3333333333333333,0.13575255909676825,2,3,69.55
181,0.20337078651685395,0.0,0.5,0.34656948982156316,0.0,0.0,0.02937564362913533,3,2,15.05
182,0.20449438202247194,0.0,1.0,0.10781603417944208,0.5,0.3333333333333333,0.06126431989431795,2,2,31.3875
183,0.2056179775280899,1.0,0.5,0.007288263382759488,0.25,0.16666666666666666,0.07612293033463641,2,2,39.0
184,0.20674157303370788,1.0,1.0,0.04498617743151546,0.0,0.3333333333333333,0.04298993693898376,2,3,22.025
185,0.20786516853932588,0.0,0.0,0.34656948982156316,0.0,0.0,0.09759350042902103,2,2,50.0
186,0.20898876404494385,1.0,1.0,0.34656948982156316,0.125,0.0,0.030253985132996517,4,3,15.5
187,0.21011235955056182,1.0,0.0,0.5601910027645137,0.0,0.0,0.051822148727810165,2,2,26.55
188,0.2112359550561798,0.0,1.0,0.49736114601658704,0.125,0.16666666666666666,0.030253985132996517,4,2,15.5
189,0.21235955056179778,0.0,1.0,0.4470972606182458,0.0,0.0,0.015411575213749286,2,2,7.8958
190,0.21348314606741575,1.0,0.5,0.39683337521990447,0.0,0.0,0.025374310111545468,2,3,13.0
191,0.21460674157303372,0.0,0.5,0.2334757476752953,0.0,0.0,0.025374310111545468,2,2,13.0
192,0.21573033707865172,1.0,1.0,0.2334757476752953,0.125,0.0,0.015330377421392339,2,3,7.8542
193,0.2168539325842697,1.0,0.5,0.032420206081930136,0.125,0.16666666666666666,0.050748620223090936,2,2,26.0
194,0.21797752808988766,1.0,0.0,0.5476250314149284,0.0,0.0,0.05410739813385612,3,3,27.7208
195,0.21910112359550565,1.0,0.0,0.723548630309123,0.0,0.0,0.2859895551532101,3,3,146.5208
196,0.22022471910112362,0.0,1.0,0.34656948982156316,0.0,0.0,0.015126992566498259,4,2,7.75
197,0.2213483146067416,0.0,1.0,0.5224930887157577,0.0,0.16666666666666666,0.01640390592611157,2,2,8.4042
198,0.2224719101123596,1.0,1.0,0.34656948982156316,0.0,0.0,0.015126992566498259,4,3,7.75
199,0.22359550561797756,0.0,0.5,0.2963056044232219,0.0,0.0,0.025374310111545468,2,3,13.0
200,0.22471910112359553,0.0,1.0,0.34656948982156316,0.0,0.0,0.018542765081513996,2,2,9.5
201,0.22584269662921352,0.0,1.0,0.34656948982156316,1.0,0.3333333333333333,0.13575255909676825,2,2,69.55
202,0.2269662921348315,0.0,1.0,0.4219653179190751,0.0,0.0,0.012678957201736696,2,2,6.4958
203,0.22808988764044946,0.0,1.0,0.5664739884393064,0.0,0.0,0.014102260811993537,3,2,7.225
204,0.22921348314606743,1.0,1.0,0.22090977632571,0.0,0.0,0.015712553569072387,2,2,8.05
205,0.23033707865168543,0.0,1.0,0.01985423473234481,0.0,0.16666666666666666,0.02042143996477265,2,3,10.4625
206,0.2314606741573034,0.0,1.0,0.39683337521990447,0.125,0.0,0.030937139635999665,2,2,15.85
207,0.23258426966292137,1.0,1.0,0.32143754712239253,0.0,0.0,0.036670757786204655,3,2,18.7875
208,0.23370786516853936,1.0,1.0,0.19577783362653933,0.0,0.0,0.015126992566498259,4,3,7.75
209,0.23483146067415733,1.0,0.0,0.49736114601658704,0.0,0.0,0.060507970265993034,3,2,31.0
210,0.2359550561797753,0.0,1.0,0.2963056044232219,0.0,0.0,0.013760683560491965,2,2,7.05
211,0.2370786516853933,1.0,0.5,0.4345312892686604,0.0,0.0,0.04098927018018883,2,3,21.0
212,0.23820224719101127,0.0,1.0,0.2711736617240512,0.0,0.0,0.014151057562208049,2,2,7.25
213,0.23932584269662924,0.0,0.5,0.37170143252073384,0.0,0.0,0.025374310111545468,2,2,13.0
214,0.24044943820224723,0.0,1.0,0.34656948982156316,0.125,0.0,0.015126992566498259,4,2,7.75
215,0.2415730337078652,1.0,0.0,0.38426740387031916,0.125,0.0,0.22109807522194713,3,3,113.275
216,0.24269662921348317,1.0,1.0,0.33400351847197784,0.0,0.0,0.015468569817999833,2,3,7.925
217,0.24382022471910114,0.0,0.5,0.5224930887157577,0.125,0.0,0.05270049023167135,2,2,27.0
218,0.24494382022471914,1.0,0.0,0.39683337521990447,0.0,0.0,0.14891148113361488,3,3,76.2917
219,0.2460674157303371,0.0,0.5,0.37170143252073384,0.0,0.0,0.020494635090094415,2,2,10.5
220,0.24719101123595508,1.0,1.0,0.19577783362653933,0.0,0.0,0.015712553569072387,2,2,8.05
221,0.24831460674157307,0.0,0.5,0.33400351847197784,0.0,0.0,0.025374310111545468,2,2,13.0
222,0.24943820224719104,0.0,1.0,0.6355868308620256,0.0,0.0,0.015712553569072387,2,2,8.05
223,0.250561797752809,0.0,1.0,0.34656948982156316,0.0,0.0,0.015411575213749286,2,2,7.8958
224,0.251685393258427,1.0,0.0,0.4722292033174164,0.125,0.0,0.17566830077223786,2,2,90.0
225,0.25280898876404495,0.0,1.0,0.2711736617240512,0.0,0.0,0.018249984580226933,2,2,9.35
226,0.253932584269663,1.0,0.5,0.2334757476752953,0.0,0.0,0.020494635090094415,2,2,10.5
227,0.25505617977528094,0.0,1.0,0.2523247046996733,0.0,0.0,0.014151057562208049,2,2,7.25
228,0.2561797752808989,0.0,0.5,0.22090977632571,0.0,0.0,0.025374310111545468,2,2,13.0
229,0.2573033707865169,0.0,1.0,0.34656948982156316,0.375,0.16666666666666666,0.049707687947515,2,3,25.4667
230,0.25842696629213485,1.0,0.0,0.4345312892686604,0.125,0.0,0.16293234896625058,2,3,83.475
231,0.2595505617977528,0.0,1.0,0.35913546117114853,0.0,0.0,0.015175789316712771,2,2,7.775
232,0.2606741573033708,0.0,0.5,0.7361146016587082,0.0,0.0,0.026350245115835676,2,2,13.5
233,0.2617977528089888,1.0,1.0,0.05755214878110078,0.5,0.3333333333333333,0.06126431989431795,2,3,31.3875
234,0.2629213483146068,0.0,0.5,0.2963056044232219,0.0,0.0,0.020494635090094415,2,2,10.5
235,0.26404494382022475,0.0,1.0,0.34656948982156316,0.0,0.0,0.014736618564782174,2,3,7.55
236,0.2651685393258427,0.0,0.5,0.5476250314149284,0.125,0.0,0.050748620223090936,2,2,26.0
237,0.2662921348314607,1.0,0.5,0.09525006282985675,0.0,0.3333333333333333,0.05123658772523604,2,3,26.25
238,0.26741573033707866,0.0,0.5,0.2334757476752953,0.0,0.0,0.020494635090094415,2,2,10.5
239,0.2685393258426967,0.0,0.5,0.4093993465694898,0.0,0.0,0.023959204355324663,2,2,12.275
240,0.26966292134831465,0.0,1.0,0.34656948982156316,0.125,0.0,0.028212719478023115,3,3,14.4542
241,0.2707865168539326,1.0,1.0,0.34656948982156316,0.125,0.0,0.030253985132996517,4,3,15.5
242,0.2719101123595506,0.0,0.5,0.35913546117114853,0.0,0.0,0.020494635090094415,2,2,10.5
243,0.27303370786516856,0.0,1.0,0.2711736617240512,0.0,0.0,0.013907073811135496,2,2,7.125
244,0.27415730337078653,0.0,1.0,0.37170143252073384,0.0,0.0,0.014102260811993537,3,2,7.225
245,0.2752808988764045,0.0,0.0,0.5476250314149284,0.25,0.0,0.17566830077223786,4,2,90.0
246,0.2764044943820225,0.0,1.0,0.3088715757728072,0.0,0.0,0.015175789316712771,2,3,7.775
247,0.2775280898876405,1.0,0.5,0.2963056044232219,0.0,0.3333333333333333,0.028302115124416098,2,3,14.5
248,0.27865168539325846,1.0,0.0,0.4596632319678311,0.125,0.16666666666666666,0.10257896680493714,2,2,52.5542
249,0.27977528089887643,0.0,0.5,0.6732847449107816,0.125,0.0,0.050748620223090936,2,2,26.0
250,0.2808988764044944,0.0,1.0,0.34656948982156316,0.0,0.0,0.014151057562208049,2,2,7.25
251,0.28202247191011237,0.0,1.0,0.35913546117114853,0.125,0.16666666666666666,0.02042143996477265,2,3,10.4625
252,0.2831460674157304,0.0,0.0,0.7738125157074642,0.0,0.0,0.051822148727810165,2,2,26.55
253,0.28426966292134837,0.0,1.0,0.37170143252073384,0.125,0.0,0.031425107138144774,2,2,16.1
254,0.28539325842696633,0.0,1.0,0.5099271173661725,0.0,0.3333333333333333,0.039452172548431745,2,3,20.2125
255,0.2865168539325843,1.0,1.0,0.35913546117114853,0.0,0.3333333333333333,0.029757819776815374,3,3,15.2458
256,0.2876404494382023,1.0,0.0,0.34656948982156316,0.0,0.0,0.15458810467956932,3,3,79.2
257,0.28876404494382024,1.0,0.0,0.37170143252073384,0.0,0.0,0.16883675574220638,2,3,86.5
258,0.2898876404494382,1.0,0.0,0.4345312892686604,0.0,0.0,1.0,3,3,512.3292
259,0.29101123595505624,1.0,0.5,0.6230208595124404,0.0,0.16666666666666666,0.050748620223090936,2,3,26.0
260,0.2921348314606742,0.0,1.0,0.34656948982156316,0.0,0.0,0.015126992566498259,4,2,7.75
261,0.2932584269662922,1.0,1.0,0.032420206081930136,0.5,0.3333333333333333,0.06126431989431795,2,2,31.3875
262,0.29438202247191014,0.0,0.0,0.648152802211611,0.125,0.16666666666666666,0.1554664461834305,2,2,79.65
263,0.2955056179775281,0.0,0.0,0.49736114601658704,0.0,0.0,0.0,2,2,0.0
264,0.2966292134831461,0.0,1.0,0.34656948982156316,0.0,0.0,0.015126992566498259,4,3,7.75
265,0.2977528089887641,0.0,0.5,0.4470972606182458,0.0,0.0,0.020494635090094415,2,2,10.5
266,0.2988764044943821,0.0,1.0,0.19577783362653933,0.5,0.16666666666666666,0.07746484096553544,2,2,39.6875
267,0.30000000000000004,1.0,1.0,0.3088715757728072,0.125,0.0,0.015175789316712771,2,2,7.775
268,0.301123595505618,1.0,0.0,0.723548630309123,0.0,0.16666666666666666,0.2995388511917728,2,3,153.4625
269,0.302247191011236,1.0,0.0,0.4345312892686604,0.0,0.0,0.2647385704347907,2,3,135.6333
270,0.30337078651685395,0.0,0.0,0.34656948982156316,0.0,0.0,0.060507970265993034,2,2,31.0
271,0.3044943820224719,1.0,1.0,0.3088715757728072,0.0,0.0,0.0,2,2,0.0
272,0.30561797752808995,1.0,0.5,0.5099271173661725,0.0,0.16666666666666666,0.038061465167318204,2,3,19.5
273,0.3067415730337079,0.0,0.0,0.4596632319678311,0.0,0.16666666666666666,0.057970539254838485,3,2,29.7
274,0.3078651685393259,1.0,1.0,0.34656948982156316,0.0,0.0,0.015126992566498259,4,3,7.75
275,0.30898876404494385,1.0,0.0,0.7863784870570495,0.125,0.0,0.15216446768991498,2,3,77.9583
276,0.3101123595505618,0.0,1.0,0.5601910027645137,0.0,0.0,0.015126992566498259,2,3,7.75
277,0.3112359550561798,0.0,0.5,0.34656948982156316,0.0,0.0,0.0,2,2,0.0
278,0.3123595505617978,0.0,1.0,0.08268409148027142,0.5,0.16666666666666666,0.05684821399990475,4,2,29.125
279,0.3134831460674158,1.0,1.0,0.4345312892686604,0.125,0.16666666666666666,0.03952536767375352,2,3,20.25
280,0.31460674157303375,0.0,1.0,0.8115104297562202,0.0,0.0,0.015126992566498259,4,2,7.75
281,0.3157303370786517,0.0,1.0,0.34656948982156316,0.0,0.0,0.015330377421392339,2,2,7.8542
282,0.3168539325842697,0.0,1.0,0.19577783362653933,0.0,0.0,0.018542765081513996,2,2,9.5
283,0.31797752808988766,1.0,1.0,0.2334757476752953,0.0,0.0,0.015712553569072387,2,2,8.05
284,0.31910112359550563,0.0,0.0,0.34656948982156316,0.0,0.0,0.050748620223090936,2,2,26.0
285,0.32022471910112366,0.0,1.0,0.4093993465694898,0.0,0.0,0.016908073949327893,3,2,8.6625
286,0.3213483146067416,1.0,1.0,0.37170143252073384,0.0,0.0,0.018542765081513996,2,2,9.5
287,0.3224719101123596,0.0,1.0,0.2711736617240512,0.0,0.0,0.015411575213749286,2,2,7.8958
288,0.32359550561797756,1.0,0.5,0.5224930887157577,0.0,0.0,0.025374310111545468,2,2,13.0
289,0.32471910112359553,1.0,1.0,0.2711736617240512,0.0,0.0,0.015126992566498259,4,3,7.75
290,0.3258426966292135,1.0,0.0,0.32143754712239253,0.0,0.0,0.15390495017656614,2,3,78.85
291,0.32696629213483147,1.0,0.0,0.2334757476752953,0.125,0.0,0.17777475888549785,3,3,91.0792
292,0.3280898876404495,0.0,0.5,0.4470972606182458,0.0,0.0,0.025130326360472913,3,2,12.875
293,0.32921348314606746,0.0,1.0,0.2963056044232219,0.0,0.0,0.01727404957593672,2,3,8.85
294,0.33033707865168543,0.0,1.0,0.2963056044232219,0.0,0.0,0.015411575213749286,2,2,7.8958
295,0.3314606741573034,0.0,0.0,0.34656948982156316,0.0,0.0,0.05410739813385612,3,2,27.7208
296,0.3325842696629214,0.0,1.0,0.2900226187484292,0.0,0.0,0.014110458666029575,3,2,7.2292
297,0.33370786516853934,0.0,0.0,0.01985423473234481,0.125,0.3333333333333333,0.29580589980036276,2,3,151.55
298,0.33483146067415737,1.0,0.0,0.34656948982156316,0.0,0.0,0.05953203526170282,2,2,30.5
299,0.33595505617977534,1.0,0.0,0.6230208595124404,0.0,0.16666666666666666,0.4831284260198326,3,3,247.5208
300,0.3370786516853933,1.0,1.0,0.34656948982156316,0.0,0.0,0.015126992566498259,4,3,7.75
301,0.3382022471910113,1.0,1.0,0.34656948982156316,0.25,0.0,0.04538097769949478,4,2,23.25
302,0.33932584269662924,0.0,1.0,0.2334757476752953,0.0,0.0,0.0,2,2,0.0
303,0.3404494382022472,1.0,0.5,0.34656948982156316,0.0,0.0,0.024105594605968193,4,3,12.35
304,0.3415730337078652,0.0,1.0,0.34656948982156316,0.0,0.0,0.015712553569072387,2,2,8.05
305,0.3426966292134832,1.0,0.0,0.006282985674792663,0.125,0.3333333333333333,0.29580589980036276,2,2,151.55
306,0.3438202247191012,1.0,0.0,0.34656948982156316,0.0,0.0,0.21642978772242535,3,3,110.8833
307,0.34494382022471914,1.0,0.0,0.20834380497612465,0.125,0.0,0.2125586439344078,3,3,108.9
308,0.3460674157303371,0.0,0.5,0.37170143252073384,0.125,0.0,0.04684488020593009,3,2,24.0
309,0.3471910112359551,1.0,0.0,0.37170143252073384,0.0,0.0,0.11111839809247648,3,3,56.9292
310,0.34831460674157305,1.0,0.0,0.2963056044232219,0.0,0.0,0.16231419173453318,3,3,83.1583
311,0.3494382022471911,1.0,0.0,0.22090977632571,0.25,0.3333333333333333,0.5121218935012878,3,3,262.375
312,0.35056179775280905,0.0,0.5,0.32143754712239253,0.125,0.16666666666666666,0.050748620223090936,2,3,26.0
313,0.351685393258427,0.0,1.0,0.34656948982156316,0.0,0.0,0.015411575213749286,2,2,7.8958
314,0.352808988764045,0.0,0.5,0.5350590600653431,0.125,0.16666666666666666,0.05123658772523604,2,2,26.25
315,0.35393258426966295,1.0,1.0,0.32143754712239253,0.0,0.0,0.015330377421392339,2,3,7.8542
316,0.3550561797752809,1.0,0.5,0.2963056044232219,0.125,0.0,0.050748620223090936,2,3,26.0
317,0.3561797752808989,0.0,0.5,0.6732847449107816,0.0,0.0,0.027326180120125887,2,2,14.0
318,0.3573033707865169,1.0,0.0,0.38426740387031916,0.0,0.3333333333333333,0.32179836714362564,2,3,164.8667
319,0.3584269662921349,1.0,0.0,0.49736114601658704,0.125,0.16666666666666666,0.2625265161540666,3,3,134.5
320,0.35955056179775285,0.0,1.0,0.2711736617240512,0.0,0.0,0.014151057562208049,2,2,7.25
321,0.3606741573033708,0.0,1.0,0.33400351847197784,0.0,0.0,0.015411575213749286,2,2,7.8958
322,0.3617977528089888,1.0,0.5,0.37170143252073384,0.0,0.0,0.024105594605968193,4,3,12.35
323,0.36292134831460676,1.0,0.5,0.2711736617240512,0.125,0.16666666666666666,0.056604230248832196,2,3,29.0
324,0.3640449438202248,0.0,1.0,0.34656948982156316,1.0,0.3333333333333333,0.13575255909676825,2,2,69.55
325,0.36516853932584276,1.0,0.0,0.4470972606182458,0.0,0.0,0.2647385704347907,3,3,135.6333
326,0.3662921348314607,0.0,1.0,0.7612465443578789,0.0,0.0,0.012174789178520372,2,2,6.2375
327,0.3674157303370787,1.0,0.5,0.4470972606182458,0.0,0.0,0.025374310111545468,2,3,13.0
328,0.36853932584269666,1.0,1.0,0.38426740387031916,0.125,0.16666666666666666,0.04006213192611313,2,3,20.525
329,0.36966292134831463,1.0,0.0,0.19577783362653933,0.0,0.16666666666666666,0.11316786160148591,3,3,57.9792
330,0.3707865168539326,1.0,1.0,0.34656948982156316,0.25,0.0,0.04538097769949478,4,3,23.25
331,0.3719101123595506,0.0,0.0,0.5664739884393064,0.0,0.0,0.055628295244541985,2,2,28.5
332,0.3730337078651686,0.0,0.0,0.4722292033174164,0.0,0.16666666666666666,0.2995388511917728,2,2,153.4625
333,0.37415730337078656,0.0,1.0,0.19577783362653933,0.25,0.0,0.03513366015444757,2,2,18.0
334,0.37528089887640453,1.0,0.0,0.34656948982156316,0.125,0.0,0.2608674266467732,2,3,133.65
335,0.3764044943820225,0.0,1.0,0.34656948982156316,0.0,0.0,0.015411575213749286,2,2,7.8958
336,0.3775280898876405,0.0,0.0,0.35913546117114853,0.125,0.0,0.12999454257145598,2,2,66.6
337,0.37865168539325844,1.0,0.0,0.5099271173661725,0.0,0.0,0.2625265161540666,3,3,134.5
338,0.37977528089887647,1.0,1.0,0.5601910027645137,0.0,0.0,0.015712553569072387,2,2,8.05
339,0.38089887640449444,0.0,0.0,0.5601910027645137,0.0,0.0,0.06929138530460494,2,2,35.5
340,0.3820224719101124,1.0,0.5,0.01985423473234481,0.125,0.16666666666666666,0.050748620223090936,2,2,26.0
341,0.3831460674157304,1.0,0.0,0.2963056044232219,0.375,0.3333333333333333,0.5133418122566507,2,3,263.0
342,0.38426966292134834,0.0,0.5,0.34656948982156316,0.0,0.0,0.025374310111545468,2,2,13.0
343,0.3853932584269663,0.0,0.5,0.3088715757728072,0.0,0.0,0.025374310111545468,2,2,13.0
344,0.38651685393258434,0.0,0.5,0.4470972606182458,0.0,0.0,0.025374310111545468,2,2,13.0
345,0.3876404494382023,1.0,0.5,0.2963056044232219,0.0,0.0,0.025374310111545468,2,3,13.0
346,0.3887640449438203,1.0,0.5,0.49736114601658704,0.0,0.0,0.025374310111545468,2,3,13.0
347,0.38988764044943824,1.0,1.0,0.34656948982156316,0.125,0.0,0.031425107138144774,2,3,16.1
348,0.3910112359550562,1.0,1.0,0.032420206081930136,0.125,0.16666666666666666,0.031034733136428686,2,2,15.9
349,0.3921348314606742,0.0,1.0,0.5224930887157577,0.0,0.0,0.016908073949327893,2,2,8.6625
350,0.39325842696629215,0.0,1.0,0.2837396330736366,0.0,0.0,0.01800600082915438,2,2,9.225
351,0.3943820224719102,0.0,0.0,0.34656948982156316,0.0,0.0,0.06831545030031472,2,2,35.0
352,0.39550561797752815,0.0,1.0,0.18321186227695402,0.125,0.16666666666666666,0.014110458666029575,3,2,7.2292
353,0.3966292134831461,0.0,1.0,0.3088715757728072,0.125,0.0,0.034743286152731485,2,2,17.8
354,0.3977528089887641,0.0,1.0,0.34656948982156316,0.0,0.0,0.014102260811993537,3,2,7.225
355,0.39887640449438205,0.0,1.0,0.34656948982156316,0.0,0.0,0.018542765081513996,2,2,9.5
356,0.4,1.0,0.0,0.2711736617240512,0.0,0.16666666666666666,0.10735285047192313,2,3,55.0
357,0.40112359550561805,0.0,0.5,0.4722292033174164,0.0,0.0,0.025374310111545468,2,3,13.0
358,0.402247191011236,1.0,1.0,0.34656948982156316,0.0,0.0,0.01537917417160685,4,3,7.8792
359,0.403370786516854,1.0,1.0,0.34656948982156316,0.0,0.0,0.01537917417160685,4,3,7.8792
360,0.40449438202247195,0.0,1.0,0.49736114601658704,0.125,0.6666666666666666,0.05445717323939373,2,2,27.9
361,0.4056179775280899,0.0,0.5,0.35913546117114853,0.125,0.0,0.05410739813385612,3,2,27.7208
362,0.4067415730337079,0.0,1.0,0.5601910027645137,0.0,0.16666666666666666,0.028212719478023115,3,3,14.4542
363,0.40786516853932586,0.0,1.0,0.4345312892686604,0.0,0.0,0.013760683560491965,2,2,7.05
364,0.4089887640449439,0.0,1.0,0.34656948982156316,0.125,0.0,0.030253985132996517,4,2,15.5
365,0.41011235955056186,0.0,1.0,0.37170143252073384,0.0,0.0,0.014151057562208049,2,2,7.25
366,0.4112359550561798,1.0,0.0,0.7486805730082936,0.125,0.0,0.14687821814567664,3,3,75.25
367,0.4123595505617978,1.0,1.0,0.34656948982156316,0.0,0.0,0.014110458666029575,3,3,7.2292
368,0.41348314606741576,1.0,1.0,0.34656948982156316,0.0,0.0,0.015126992566498259,4,3,7.75
369,0.41460674157303373,1.0,0.0,0.2963056044232219,0.0,0.0,0.13526459159462315,3,3,69.3
370,0.41573033707865176,1.0,0.0,0.3088715757728072,0.125,0.0,0.1082149914547131,3,2,55.4417
371,0.4168539325842697,0.0,1.0,0.22090977632571,0.125,0.0,0.012678957201736696,2,2,6.4958
372,0.4179775280898877,0.0,1.0,0.2334757476752953,0.0,0.0,0.015712553569072387,2,2,8.05
373,0.41910112359550566,0.0,0.0,0.2711736617240512,0.0,0.0,0.2647385704347907,3,2,135.6333
374,0.42022471910112363,0.0,1.0,0.032420206081930136,0.375,0.16666666666666666,0.04113566043083236,2,3,21.075
375,0.4213483146067416,1.0,0.0,0.34656948982156316,0.125,0.0,0.16038672010106003,3,3,82.1708
376,0.42247191011235957,1.0,1.0,0.2711736617240512,0.0,0.0,0.014151057562208049,2,3,7.25
377,0.4235955056179776,0.0,0.0,0.33400351847197784,0.0,0.3333333333333333,0.41282050681475896,3,2,211.5
378,0.42471910112359557,0.0,1.0,0.24604171902488062,0.0,0.0,0.007831878409428937,3,2,4.0125
379,0.42584269662921354,0.0,1.0,0.2334757476752953,0.0,0.0,0.015175789316712771,2,2,7.775
380,0.4269662921348315,1.0,0.0,0.5224930887157577,0.0,0.0,0.4440992237022602,3,3,227.525
381,0.4280898876404495,1.0,1.0,0.007288263382759488,0.0,0.3333333333333333,0.030725752114070404,3,3,15.7417
382,0.42921348314606744,0.0,1.0,0.39683337521990447,0.0,0.0,0.015468569817999833,2,2,7.925
383,0.4303370786516854,1.0,0.0,0.4345312892686604,0.125,0.0,0.10149724044618187,2,3,52.0
384,0.43146067415730344,0.0,1.0,0.34656948982156316,0.0,0.0,0.015411575213749286,2,2,7.8958
385,0.4325842696629214,0.0,0.5,0.22090977632571,0.0,0.0,0.1434624456306609,2,2,73.5
386,0.4337078651685394,0.0,1.0,0.007288263382759488,0.625,0.3333333333333333,0.09154270340242172,2,2,46.9
387,0.43483146067415734,1.0,0.5,0.4470972606182458,0.0,0.0,0.025374310111545468,2,3,13.0
388,0.4359550561797753,0.0,1.0,0.34656948982156316,0.0,0.0,0.015086393670319786,4,2,7.7292
389,0.4370786516853933,1.0,0.5,0.20834380497612465,0.0,0.0,0.023422440102965045,3,3,12.0
390,0.4382022471910113,1.0,0.0,0.4470972606182458,0.125,0.3333333333333333,0.23422440102965048,2,2,120.0
391,0.4393258426966293,1.0,1.0,0.2586076903744659,0.0,0.0,0.015216388212891242,2,2,7.7958
392,0.44044943820224725,0.0,1.0,0.34656948982156316,0.25,0.0,0.015468569817999833,2,2,7.925
393,0.4415730337078652,1.0,0.0,0.2837396330736366,0.125,0.0,0.22109807522194713,3,3,113.275
394,0.4426966292134832,1.0,1.0,0.2963056044232219,0.0,0.3333333333333333,0.03259622914329302,2,3,16.7
395,0.44382022471910115,0.0,1.0,0.2711736617240512,0.0,0.0,0.015216388212891242,2,2,7.7958
396,0.4449438202247191,0.0,1.0,0.38426740387031916,0.0,0.0,0.015330377421392339,2,3,7.8542
397,0.44606741573033715,0.0,0.5,0.5727569741140991,0.0,0.0,0.050748620223090936,2,2,26.0
398,0.4471910112359551,0.0,0.5,0.2837396330736366,0.0,0.0,0.020494635090094415,2,2,10.5
399,0.4483146067415731,1.0,0.5,0.34656948982156316,0.0,0.0,0.02469115560854232,2,3,12.65
400,0.44943820224719105,1.0,1.0,0.4847951746670017,0.0,0.0,0.015468569817999833,2,2,7.925
401,0.450561797752809,0.0,1.0,0.32143754712239253,0.0,0.0,0.015712553569072387,2,2,8.05
402,0.451685393258427,0.0,1.0,0.2586076903744659,0.125,0.0,0.019177122834302632,2,3,9.825
403,0.452808988764045,0.0,1.0,0.34656948982156316,0.125,0.0,0.030937139635999665,2,2,15.85
404,0.453932584269663,0.0,1.0,0.24604171902488062,0.0,0.0,0.016908073949327893,2,3,8.6625
405,0.45505617977528096,0.0,0.5,0.4219653179190751,0.125,0.0,0.04098927018018883,2,2,21.0
406,0.4561797752808989,0.0,1.0,0.6355868308620256,0.0,0.0,0.015126992566498259,2,2,7.75
407,0.4573033707865169,1.0,0.5,0.032420206081930136,0.125,0.16666666666666666,0.03659756266088288,2,2,18.75
408,0.45842696629213486,0.0,1.0,0.2586076903744659,0.0,0.0,0.015175789316712771,2,2,7.775
409,0.45955056179775283,0.0,1.0,0.34656948982156316,0.375,0.16666666666666666,0.049707687947515,2,3,25.4667
410,0.46067415730337086,0.0,1.0,0.34656948982156316,0.0,0.0,0.015411575213749286,2,2,7.8958
411,0.4617977528089888,0.0,1.0,0.34656948982156316,0.0,0.0,0.013386510079847098,4,2,6.8583
412,0.4629213483146068,1.0,0.0,0.4093993465694898,0.125,0.0,0.17566830077223786,4,3,90.0
413,0.46404494382022476,0.0,0.5,0.34656948982156316,0.0,0.0,0.0,2,2,0.0
414,0.46516853932584273,1.0,1.0,0.5476250314149284,0.0,0.0,0.015468569817999833,2,2,7.925
415,0.4662921348314607,0.0,1.0,0.34656948982156316,0.0,0.0,0.015712553569072387,2,3,8.05
416,0.4674157303370787,1.0,0.5,0.4219653179190751,0.125,0.16666666666666666,0.06343577527886367,2,3,32.5
417,0.4685393258426967,1.0,0.5,0.22090977632571,0.0,0.3333333333333333,0.025374310111545468,2,3,13.0
418,0.46966292134831467,0.0,0.5,0.37170143252073384,0.0,0.0,0.025374310111545468,2,2,13.0
419,0.47078651685393264,0.0,1.0,0.12038200552902739,0.0,0.3333333333333333,0.04713766070721715,2,3,24.15
420,0.4719101123595506,0.0,1.0,0.34656948982156316,0.0,0.0,0.015411575213749286,3,2,7.8958
421,0.4730337078651686,0.0,1.0,0.2586076903744659,0.0,0.0,0.015094396337354966,4,2,7.7333
422,0.47415730337078654,0.0,1.0,0.35913546117114853,0.0,0.0,0.015370976317570811,2,2,7.875
423,0.47528089887640457,0.0,1.0,0.34656948982156316,0.125,0.16666666666666666,0.028106928123558056,2,3,14.4
424,0.47640449438202254,0.0,1.0,0.22090977632571,0.125,0.16666666666666666,0.039452172548431745,2,2,20.2125
425,0.4775280898876405,0.0,1.0,0.34656948982156316,0.0,0.0,0.014151057562208049,2,2,7.25
426,0.4786516853932585,1.0,0.5,0.34656948982156316,0.125,0.0,0.050748620223090936,2,3,26.0
427,0.47977528089887644,1.0,0.5,0.2334757476752953,0.0,0.0,0.050748620223090936,2,3,26.0
428,0.4808988764044944,0.0,1.0,0.34656948982156316,0.0,0.0,0.015126992566498259,4,2,7.75
429,0.48202247191011244,1.0,1.0,0.39683337521990447,0.0,0.0,0.015712553569072387,2,2,8.05
430,0.4831460674157304,1.0,0.0,0.34656948982156316,0.0,0.0,0.051822148727810165,2,2,26.55
431,0.4842696629213484,1.0,1.0,0.34656948982156316,0.125,0.0,0.031425107138144774,2,3,16.1
432,0.48539325842696635,1.0,0.5,0.5224930887157577,0.125,0.0,0.050748620223090936,2,3,26.0
433,0.4865168539325843,0.0,1.0,0.20834380497612465,0.0,0.0,0.013907073811135496,2,2,7.125
434,0.4876404494382023,0.0,0.0,0.6230208595124404,0.125,0.0,0.1091095334796455,2,2,55.9
435,0.48876404494382025,1.0,0.0,0.17064589092736868,0.125,0.3333333333333333,0.23422440102965048,2,3,120.0
436,0.4898876404494383,0.0,1.0,0.2586076903744659,0.25,0.3333333333333333,0.06709553154495196,2,3,34.375
437,0.49101123595505625,1.0,0.5,0.2963056044232219,0.25,0.5,0.03659756266088288,2,3,18.75
438,0.4921348314606742,0.0,0.0,0.7989444584066349,0.125,0.6666666666666666,0.5133418122566507,2,2,263.0
439,0.4932584269662922,0.0,0.5,0.38426740387031916,0.0,0.0,0.020494635090094415,2,2,10.5
440,0.49438202247191015,1.0,0.5,0.5601910027645137,0.125,0.16666666666666666,0.05123658772523604,2,3,26.25
441,0.4955056179775281,0.0,1.0,0.24604171902488062,0.0,0.0,0.018542765081513996,2,2,9.5
442,0.4966292134831461,0.0,1.0,0.3088715757728072,0.125,0.0,0.015175789316712771,2,2,7.775
443,0.4977528089887641,1.0,0.5,0.34656948982156316,0.0,0.0,0.025374310111545468,2,3,13.0
444,0.49887640449438203,1.0,1.0,0.34656948982156316,0.0,0.0,0.015834545444608664,2,2,8.1125
445,0.5,1.0,0.0,0.04498617743151546,0.0,0.3333333333333333,0.15977676072337862,2,2,81.8583
446,0.501123595505618,1.0,0.5,0.15807991957778336,0.0,0.16666666666666666,0.038061465167318204,2,3,19.5
447,0.5022471910112359,1.0,0.0,0.4219653179190751,0.0,0.0,0.051822148727810165,2,2,26.55
448,0.503370786516854,1.0,1.0,0.05755214878110078,0.25,0.16666666666666666,0.03758969818624431,3,3,19.2583
449,0.5044943820224719,1.0,0.0,0.648152802211611,0.0,0.0,0.05953203526170282,2,2,30.5
450,0.5056179775280899,0.0,0.5,0.4470972606182458,0.125,0.3333333333333333,0.05416439273810667,2,2,27.75
451,0.5067415730337078,0.0,1.0,0.34656948982156316,0.125,0.0,0.03897240290032268,2,2,19.9667
452,0.5078651685393258,0.0,0.0,0.37170143252073384,0.0,0.0,0.05416439273810667,3,2,27.75
453,0.5089887640449439,1.0,0.0,0.610454888162855,0.125,0.0,0.17391981561855152,3,2,89.1042
454,0.5101123595505618,0.0,1.0,0.34656948982156316,0.0,0.0,0.015712553569072387,2,2,8.05
455,0.5112359550561798,1.0,1.0,0.35913546117114853,0.0,0.0,0.015411575213749286,3,2,7.8958
456,0.5123595505617977,0.0,0.0,0.8115104297562202,0.0,0.0,0.051822148727810165,2,2,26.55
457,0.5134831460674157,1.0,0.0,0.34656948982156316,0.125,0.0,0.10122885832000206,2,3,51.8625
458,0.5146067415730337,1.0,0.5,0.6230208595124404,0.0,0.0,0.020494635090094415,2,3,10.5
459,0.5157303370786517,0.0,1.0,0.34656948982156316,0.0,0.0,0.015126992566498259,4,2,7.75
460,0.5168539325842697,1.0,0.0,0.5978889168132697,0.0,0.0,0.051822148727810165,2,2,26.55
461,0.5179775280898876,0.0,1.0,0.4219653179190751,0.0,0.0,0.015712553569072387,2,2,8.05
462,0.5191011235955056,0.0,0.0,0.5853229454636844,0.0,0.0,0.07514699533034619,2,2,38.5
463,0.5202247191011236,0.0,0.5,0.5978889168132697,0.0,0.0,0.025374310111545468,2,2,13.0
464,0.5213483146067416,0.0,1.0,0.34656948982156316,0.0,0.0,0.015712553569072387,2,2,8.05
465,0.5224719101123595,0.0,1.0,0.4722292033174164,0.0,0.0,0.013760683560491965,2,2,7.05
466,0.5235955056179775,0.0,0.5,0.34656948982156316,0.0,0.0,0.0,2,2,0.0
467,0.5247191011235955,0.0,0.0,0.6984166876099522,0.0,0.0,0.051822148727810165,2,2,26.55
468,0.5258426966292135,0.0,1.0,0.34656948982156316,0.0,0.0,0.015078195816283748,4,2,7.725
469,0.5269662921348315,1.0,1.0,0.0041467705453631576,0.25,0.16666666666666666,0.03758969818624431,3,3,19.2583
470,0.5280898876404494,0.0,1.0,0.34656948982156316,0.0,0.0,0.014151057562208049,2,2,7.25
471,0.5292134831460674,0.0,1.0,0.4722292033174164,0.0,0.0,0.016908073949327893,2,2,8.6625
472,0.5303370786516854,1.0,0.5,0.4093993465694898,0.125,0.3333333333333333,0.05416439273810667,2,3,27.75
473,0.5314606741573034,1.0,0.5,0.2837396330736366,0.0,0.0,0.026919605597338588,3,3,13.7917
474,0.5325842696629214,0.0,1.0,0.2711736617240512,0.0,0.0,0.019201521209409888,2,3,9.8375
475,0.5337078651685393,0.0,0.0,0.34656948982156316,0.0,0.0,0.10149724044618187,2,2,52.0
476,0.5348314606741573,0.0,0.5,0.4219653179190751,0.125,0.0,0.04098927018018883,2,2,21.0
477,0.5359550561797752,0.0,1.0,0.35913546117114853,0.125,0.0,0.013752485706455927,2,2,7.0458
478,0.5370786516853933,0.0,1.0,0.2711736617240512,0.0,0.0,0.014679623960531627,2,2,7.5208
479,0.5382022471910113,1.0,1.0,0.01985423473234481,0.0,0.16666666666666666,0.023983602730431916,2,3,12.2875
480,0.5393258426966292,0.0,1.0,0.10781603417944208,0.625,0.3333333333333333,0.09154270340242172,2,2,46.9
481,0.5404494382022472,0.0,0.5,0.34656948982156316,0.0,0.0,0.0,2,2,0.0
482,0.5415730337078651,0.0,1.0,0.6230208595124404,0.0,0.0,0.015712553569072387,2,2,8.05
483,0.5426966292134832,1.0,1.0,0.7863784870570495,0.0,0.0,0.018713553707264782,2,3,9.5875
484,0.5438202247191011,1.0,0.0,0.3088715757728072,0.125,0.0,0.17777475888549785,3,2,91.0792
485,0.5449438202247191,0.0,1.0,0.34656948982156316,0.375,0.16666666666666666,0.049707687947515,2,3,25.4667
486,0.5460674157303371,1.0,0.0,0.4345312892686604,0.125,0.0,0.17566830077223786,2,3,90.0
487,0.547191011235955,0.0,0.0,0.723548630309123,0.0,0.0,0.057970539254838485,3,2,29.7
488,0.5483146067415731,0.0,1.0,0.37170143252073384,0.0,0.0,0.015712553569072387,2,2,8.05
489,0.549438202247191,1.0,1.0,0.10781603417944208,0.125,0.16666666666666666,0.031034733136428686,2,2,15.9
490,0.550561797752809,0.0,1.0,0.34656948982156316,0.125,0.0,0.03897240290032268,2,2,19.9667
491,0.5516853932584269,0.0,1.0,0.2586076903744659,0.0,0.0,0.014151057562208049,2,2,7.25
492,0.5528089887640449,0.0,0.0,0.685850716260367,0.0,0.0,0.05953203526170282,2,2,30.5
493,0.553932584269663,0.0,0.0,0.8869062578537321,0.0,0.0,0.09662576327876685,3,2,49.5042
494,0.5550561797752809,0.0,1.0,0.2586076903744659,0.0,0.0,0.015712553569072387,2,2,8.05
495,0.5561797752808989,0.0,1.0,0.34656948982156316,0.0,0.0,0.028220722145058292,3,2,14.4583
496,0.5573033707865168,1.0,0.0,0.6732847449107816,0.125,0.0,0.1527664244005612,3,3,78.2667
497,0.5584269662921348,0.0,1.0,0.34656948982156316,0.0,0.0,0.029473237129564348,2,2,15.1
498,0.5595505617977529,0.0,0.0,0.3088715757728072,0.125,0.3333333333333333,0.29580589980036276,2,3,151.55
499,0.5606741573033708,0.0,1.0,0.2963056044232219,0.0,0.0,0.015216388212891242,2,2,7.7958
500,0.5617977528089888,0.0,1.0,0.20834380497612465,0.0,0.0,0.016908073949327893,2,2,8.6625
501,0.5629213483146067,0.0,1.0,0.2586076903744659,0.0,0.0,0.015126992566498259,4,3,7.75
502,0.5640449438202247,0.0,1.0,0.34656948982156316,0.0,0.0,0.014891206669461744,4,3,7.6292
503,0.5651685393258427,0.0,1.0,0.4596632319678311,0.0,0.0,0.018713553707264782,2,3,9.5875
504,0.5662921348314607,1.0,0.0,0.19577783362653933,0.0,0.0,0.16883675574220638,2,3,86.5
505,0.5674157303370787,0.0,0.0,0.22090977632571,0.125,0.0,0.2125586439344078,3,2,108.9
506,0.5685393258426966,1.0,0.5,0.4093993465694898,0.0,0.3333333333333333,0.050748620223090936,2,3,26.0
507,0.5696629213483146,1.0,0.0,0.34656948982156316,0.0,0.0,0.051822148727810165,2,2,26.55
508,0.5707865168539326,0.0,1.0,0.34656948982156316,0.0,0.0,0.04396587194327397,2,2,22.525
509,0.5719101123595506,1.0,1.0,0.32143754712239253,0.0,0.0,0.11027245763075773,2,2,56.4958
510,0.5730337078651685,1.0,1.0,0.35913546117114853,0.0,0.0,0.015126992566498259,4,2,7.75
511,0.5741573033707865,0.0,1.0,0.34656948982156316,0.0,0.0,0.015712553569072387,2,2,8.05
512,0.5752808988764045,1.0,0.0,0.4470972606182458,0.0,0.0,0.05130978285055781,2,2,26.2875
513,0.5764044943820225,1.0,0.0,0.6732847449107816,0.125,0.0,0.11594107850967697,3,3,59.4
514,0.5775280898876405,0.0,1.0,0.2963056044232219,0.0,0.0,0.014630827210317117,2,2,7.4958
515,0.5786516853932584,0.0,0.0,0.5853229454636844,0.0,0.0,0.06640417918791278,2,2,34.0208
516,0.5797752808988764,1.0,0.5,0.4219653179190751,0.0,0.0,0.020494635090094415,2,3,10.5
517,0.5808988764044943,0.0,1.0,0.34656948982156316,0.0,0.0,0.04713766070721715,4,2,24.15
518,0.5820224719101124,1.0,0.5,0.4470972606182458,0.125,0.0,0.050748620223090936,2,3,26.0
519,0.5831460674157304,0.0,1.0,0.39683337521990447,0.0,0.0,0.015411575213749286,2,2,7.8958
520,0.5842696629213483,1.0,0.0,0.37170143252073384,0.0,0.0,0.18249984580226933,2,3,93.5
521,0.5853932584269663,0.0,1.0,0.2711736617240512,0.0,0.0,0.015411575213749286,2,2,7.8958
522,0.5865168539325842,0.0,1.0,0.34656948982156316,0.0,0.0,0.014102260811993537,3,2,7.225
523,0.5876404494382023,1.0,0.0,0.5476250314149284,0.0,0.16666666666666666,0.11316786160148591,3,3,57.9792
524,0.5887640449438202,0.0,1.0,0.34656948982156316,0.0,0.0,0.014110458666029575,3,2,7.2292
525,0.5898876404494382,0.0,1.0,0.5036441316913798,0.0,0.0,0.015126992566498259,4,2,7.75
526,0.5910112359550562,1.0,0.5,0.6230208595124404,0.0,0.0,0.020494635090094415,2,3,10.5
527,0.5921348314606741,0.0,0.0,0.34656948982156316,0.0,0.0,0.4328841690069588,2,2,221.7792
528,0.5932584269662922,0.0,1.0,0.4847951746670017,0.0,0.0,0.015468569817999833,2,2,7.925
529,0.5943820224719101,0.0,0.5,0.2837396330736366,0.25,0.16666666666666666,0.022446505098674838,2,2,11.5
530,0.5955056179775281,1.0,0.5,0.01985423473234481,0.125,0.16666666666666666,0.050748620223090936,2,3,26.0
531,0.5966292134831461,0.0,1.0,0.34656948982156316,0.0,0.0,0.014110458666029575,3,2,7.2292
532,0.597752808988764,0.0,1.0,0.20834380497612465,0.125,0.16666666666666666,0.014110458666029575,3,2,7.2292
533,0.5988764044943821,1.0,1.0,0.34656948982156316,0.0,0.3333333333333333,0.04364049521284362,3,3,22.3583
534,0.6,0.0,1.0,0.37170143252073384,0.0,0.0,0.016908073949327893,2,3,8.6625
535,0.601123595505618,1.0,0.5,0.08268409148027142,0.0,0.3333333333333333,0.05123658772523604,2,3,26.25
536,0.6022471910112359,0.0,0.0,0.5601910027645137,0.0,0.0,0.051822148727810165,2,2,26.55
537,0.6033707865168539,1.0,0.0,0.37170143252073384,0.0,0.0,0.20772776566317125,3,3,106.425
538,0.604494382022472,0.0,1.0,0.34656948982156316,0.0,0.0,0.028302115124416098,2,2,14.5
539,0.6056179775280899,1.0,0.0,0.2711736617240512,0.0,0.3333333333333333,0.09661756542473082,3,3,49.5
540,0.6067415730337079,1.0,0.0,0.4470972606182458,0.0,0.3333333333333333,0.13858277060920987,2,3,71.0
541,0.6078651685393258,0.0,1.0,0.10781603417944208,0.5,0.3333333333333333,0.06104473451835265,2,3,31.275
542,0.6089887640449438,0.0,1.0,0.1329479768786127,0.5,0.3333333333333333,0.06104473451835265,2,3,31.275
543,0.6101123595505618,1.0,0.5,0.39683337521990447,0.125,0.0,0.050748620223090936,2,2,26.0
544,0.6112359550561798,0.0,0.0,0.6230208595124404,0.125,0.0,0.20772776566317125,3,2,106.425
545,0.6123595505617978,0.0,0.0,0.7989444584066349,0.0,0.0,0.050748620223090936,2,2,26.0
546,0.6134831460674157,1.0,0.5,0.2334757476752953,0.125,0.0,0.050748620223090936,2,3,26.0
547,0.6146067415730337,1.0,0.5,0.34656948982156316,0.0,0.0,0.02705779799394608,3,2,13.8625
548,0.6157303370786517,0.0,1.0,0.4093993465694898,0.125,0.16666666666666666,0.04006213192611313,2,2,20.525
549,0.6168539325842697,1.0,0.5,0.09525006282985675,0.125,0.16666666666666666,0.07173122281533045,2,2,36.75
550,0.6179775280898876,1.0,0.0,0.20834380497612465,0.0,0.3333333333333333,0.21642978772242535,3,2,110.8833
551,0.6191011235955056,0.0,0.5,0.33400351847197784,0.0,0.0,0.050748620223090936,2,2,26.0
552,0.6202247191011236,0.0,1.0,0.34656948982156316,0.0,0.0,0.015281580671177828,4,2,7.8292
553,0.6213483146067416,1.0,1.0,0.2711736617240512,0.0,0.0,0.014102260811993537,3,2,7.225
554,0.6224719101123596,1.0,1.0,0.2711736617240512,0.0,0.0,0.015175789316712771,2,3,7.775
555,0.6235955056179775,0.0,0.0,0.7738125157074642,0.0,0.0,0.051822148727810165,2,2,26.55
556,0.6247191011235955,1.0,0.0,0.5978889168132697,0.125,0.0,0.07729405233978466,3,3,39.6
557,0.6258426966292135,0.0,0.0,0.34656948982156316,0.0,0.0,0.4440992237022602,3,2,227.525
558,0.6269662921348315,1.0,0.0,0.4847951746670017,0.125,0.16666666666666666,0.1554664461834305,2,3,79.65
559,0.6280898876404495,1.0,1.0,0.4470972606182458,0.125,0.0,0.033962538149299316,2,3,17.4
560,0.6292134831460674,0.0,1.0,0.34656948982156316,0.0,0.0,0.015126992566498259,4,2,7.75
561,0.6303370786516854,0.0,1.0,0.49736114601658704,0.0,0.0,0.015411575213749286,2,2,7.8958
562,0.6314606741573033,0.0,0.5,0.34656948982156316,0.0,0.0,0.026350245115835676,2,2,13.5
563,0.6325842696629214,0.0,1.0,0.34656948982156316,0.0,0.0,0.015712553569072387,2,2,8.05
564,0.6337078651685394,0.0,1.0,0.34656948982156316,0.0,0.0,0.015712553569072387,2,3,8.05
565,0.6348314606741573,0.0,1.0,0.2963056044232219,0.25,0.0,0.04713766070721715,2,2,24.15
566,0.6359550561797753,0.0,1.0,0.2334757476752953,0.0,0.0,0.015411575213749286,2,2,7.8958
567,0.6370786516853932,0.0,1.0,0.35913546117114853,0.0,0.6666666666666666,0.04113566043083236,2,3,21.075
568,0.6382022471910113,0.0,1.0,0.34656948982156316,0.0,0.0,0.014110458666029575,3,2,7.2292
569,0.6393258426966292,1.0,1.0,0.39683337521990447,0.0,0.0,0.015330377421392339,2,2,7.8542
570,0.6404494382022472,1.0,0.5,0.7738125157074642,0.0,0.0,0.020494635090094415,2,2,10.5
571,0.6415730337078652,1.0,0.0,0.6607187735611963,0.25,0.0,0.10048070654571319,2,3,51.4792
572,0.6426966292134831,1.0,0.0,0.4470972606182458,0.0,0.0,0.051504969851415845,2,2,26.3875
573,0.6438202247191012,1.0,1.0,0.34656948982156316,0.0,0.0,0.015126992566498259,4,3,7.75
574,0.6449438202247191,0.0,1.0,0.19577783362653933,0.0,0.0,0.015712553569072387,2,2,8.05
575,0.6460674157303371,0.0,1.0,0.2334757476752953,0.0,0.0,0.028302115124416098,2,2,14.5
576,0.647191011235955,1.0,0.5,0.4219653179190751,0.0,0.0,0.025374310111545468,2,3,13.0
577,0.648314606741573,1.0,0.0,0.4847951746670017,0.125,0.0,0.1091095334796455,2,3,55.9
578,0.6494382022471911,0.0,1.0,0.34656948982156316,0.125,0.0,0.028220722145058292,3,3,14.4583
579,0.650561797752809,1.0,1.0,0.39683337521990447,0.0,0.0,0.015468569817999833,2,2,7.925
580,0.651685393258427,1.0,0.5,0.3088715757728072,0.125,0.16666666666666666,0.05855610025741262,2,3,30.0
581,0.6528089887640449,1.0,0.0,0.4847951746670017,0.125,0.16666666666666666,0.21642978772242535,3,3,110.8833
582,0.6539325842696629,0.0,0.5,0.6732847449107816,0.0,0.0,0.050748620223090936,2,2,26.0
583,0.6550561797752809,0.0,0.0,0.4470972606182458,0.0,0.0,0.07831878409428937,3,2,40.125
584,0.6561797752808989,0.0,1.0,0.34656948982156316,0.0,0.0,0.017005667449756914,3,2,8.7125
585,0.6573033707865169,1.0,0.0,0.22090977632571,0.0,0.3333333333333333,0.1554664461834305,2,3,79.65
586,0.6584269662921348,0.0,0.5,0.5853229454636844,0.0,0.0,0.02927805012870631,2,2,15.0
587,0.6595505617977528,1.0,0.0,0.7486805730082936,0.125,0.16666666666666666,0.15458810467956932,3,2,79.2
588,0.6606741573033708,0.0,1.0,0.2711736617240512,0.0,0.0,0.015712553569072387,2,2,8.05
589,0.6617977528089888,0.0,1.0,0.34656948982156316,0.0,0.0,0.015712553569072387,2,2,8.05
590,0.6629213483146068,0.0,1.0,0.4345312892686604,0.0,0.0,0.013907073811135496,2,2,7.125
591,0.6640449438202247,1.0,0.0,0.648152802211611,0.125,0.0,0.1527664244005612,3,3,78.2667
592,0.6651685393258427,0.0,1.0,0.5853229454636844,0.0,0.0,0.014151057562208049,2,2,7.25
593,0.6662921348314607,0.0,1.0,0.34656948982156316,0.0,0.3333333333333333,0.015126992566498259,4,3,7.75
594,0.6674157303370787,0.0,0.5,0.4596632319678311,0.125,0.0,0.050748620223090936,2,2,26.0
595,0.6685393258426966,0.0,1.0,0.4470972606182458,0.125,0.16666666666666666,0.04713766070721715,2,2,24.15
596,0.6696629213483146,1.0,0.5,0.34656948982156316,0.0,0.0,0.06441171028315387,2,3,33.0
597,0.6707865168539326,0.0,1.0,0.610454888162855,0.0,0.0,0.0,2,2,0.0
598,0.6719101123595506,0.0,1.0,0.34656948982156316,0.0,0.0,0.014102260811993537,3,2,7.225
599,0.6730337078651686,1.0,0.0,0.610454888162855,0.125,0.0,0.11111839809247648,3,2,56.9292
600,0.6741573033707865,1.0,0.5,0.2963056044232219,0.25,0.16666666666666666,0.05270049023167135,2,3,27.0
601,0.6752808988764045,0.0,1.0,0.34656948982156316,0.0,0.0,0.015411575213749286,2,2,7.8958
602,0.6764044943820224,0.0,0.0,0.34656948982156316,0.0,0.0,0.08275928836380983,2,2,42.4
603,0.6775280898876405,0.0,1.0,0.5476250314149284,0.0,0.0,0.015712553569072387,2,2,8.05
604,0.6786516853932585,1.0,0.0,0.4345312892686604,0.0,0.0,0.051822148727810165,3,2,26.55
605,0.6797752808988764,0.0,1.0,0.4470972606182458,0.125,0.0,0.030351578633425542,2,2,15.55
606,0.6808988764044944,0.0,1.0,0.37170143252073384,0.0,0.0,0.015411575213749286,2,2,7.8958
607,0.6820224719101123,1.0,0.0,0.33400351847197784,0.0,0.0,0.05953203526170282,2,2,30.5
608,0.6831460674157304,1.0,0.5,0.2711736617240512,0.125,0.3333333333333333,0.08115719346076702,3,3,41.5792
609,0.6842696629213483,1.0,0.0,0.49736114601658704,0.0,0.0,0.2995388511917728,2,3,153.4625
610,0.6853932584269663,0.0,1.0,0.4847951746670017,0.125,0.8333333333333333,0.06104473451835265,2,3,31.275
611,0.6865168539325843,0.0,1.0,0.34656948982156316,0.0,0.0,0.013760683560491965,2,2,7.05
612,0.6876404494382022,1.0,1.0,0.34656948982156316,0.125,0.0,0.030253985132996517,4,3,15.5
613,0.6887640449438203,0.0,1.0,0.34656948982156316,0.0,0.0,0.015126992566498259,4,2,7.75
614,0.6898876404494382,0.0,1.0,0.4345312892686604,0.0,0.0,0.015712553569072387,2,2,8.05
615,0.6910112359550562,1.0,0.5,0.2963056044232219,0.125,0.3333333333333333,0.12687155055772734,2,3,65.0
616,0.6921348314606741,0.0,1.0,0.4219653179190751,0.125,0.16666666666666666,0.028106928123558056,2,2,14.4
617,0.6932584269662921,0.0,1.0,0.32143754712239253,0.125,0.0,0.031425107138144774,2,3,16.1
618,0.6943820224719102,1.0,0.5,0.04498617743151546,0.25,0.16666666666666666,0.07612293033463641,2,3,39.0
619,0.6955056179775281,0.0,0.5,0.32143754712239253,0.0,0.0,0.020494635090094415,2,2,10.5
620,0.6966292134831461,0.0,1.0,0.33400351847197784,0.125,0.0,0.028212719478023115,3,2,14.4542
621,0.697752808988764,1.0,0.0,0.5224930887157577,0.125,0.0,0.10257896680493714,2,2,52.5542
622,0.698876404494382,1.0,1.0,0.24604171902488062,0.125,0.16666666666666666,0.030725752114070404,3,2,15.7417
623,0.7000000000000001,0.0,1.0,0.2586076903744659,0.0,0.0,0.015330377421392339,2,2,7.8542
624,0.701123595505618,0.0,1.0,0.2586076903744659,0.0,0.0,0.031425107138144774,2,2,16.1
625,0.702247191011236,0.0,0.0,0.7612465443578789,0.0,0.0,0.06308600017332605,2,2,32.3208
626,0.7033707865168539,0.0,0.5,0.7109826589595376,0.0,0.0,0.024105594605968193,4,2,12.35
627,0.7044943820224719,1.0,0.0,0.2586076903744659,0.0,0.0,0.15216446768991498,2,3,77.9583
628,0.7056179775280899,0.0,1.0,0.32143754712239253,0.0,0.0,0.015411575213749286,2,2,7.8958
629,0.7067415730337079,0.0,1.0,0.34656948982156316,0.0,0.0,0.015094396337354966,4,2,7.7333
630,0.7078651685393259,1.0,0.0,1.0,0.0,0.0,0.05855610025741262,2,2,30.0
631,0.7089887640449438,0.0,1.0,0.6355868308620256,0.0,0.0,0.013768881414528002,2,2,7.0542
632,0.7101123595505618,1.0,0.0,0.39683337521990447,0.0,0.0,0.05953203526170282,3,2,30.5
633,0.7112359550561798,0.0,0.0,0.34656948982156316,0.0,0.0,0.0,2,2,0.0
634,0.7123595505617978,0.0,1.0,0.10781603417944208,0.375,0.3333333333333333,0.05445717323939373,2,3,27.9
635,0.7134831460674157,1.0,0.5,0.34656948982156316,0.0,0.0,0.025374310111545468,2,3,13.0
636,0.7146067415730337,0.0,1.0,0.39683337521990447,0.0,0.0,0.015468569817999833,2,2,7.925
637,0.7157303370786517,0.0,0.5,0.38426740387031916,0.125,0.16666666666666666,0.05123658772523604,2,2,26.25
638,0.7168539325842697,0.0,1.0,0.5099271173661725,0.0,0.8333333333333333,0.07746484096553544,2,3,39.6875
639,0.7179775280898877,0.0,1.0,0.34656948982156316,0.125,0.0,0.031425107138144774,2,2,16.1
640,0.7191011235955056,0.0,1.0,0.24604171902488062,0.0,0.0,0.015330377421392339,2,2,7.8542
641,0.7202247191011236,1.0,0.0,0.2963056044232219,0.0,0.0,0.13526459159462315,3,3,69.3
642,0.7213483146067415,0.0,1.0,0.01985423473234481,0.375,0.3333333333333333,0.05445717323939373,2,3,27.9
643,0.7224719101123596,1.0,1.0,0.34656948982156316,0.0,0.0,0.11027245763075773,2,2,56.4958
644,0.7235955056179776,1.0,1.0,0.0041467705453631576,0.25,0.16666666666666666,0.03758969818624431,3,3,19.2583
645,0.7247191011235955,1.0,0.0,0.5978889168132697,0.125,0.0,0.1497654242623688,3,2,76.7292
646,0.7258426966292135,0.0,1.0,0.2334757476752953,0.0,0.0,0.015411575213749286,2,2,7.8958
647,0.7269662921348314,1.0,0.0,0.6984166876099522,0.0,0.0,0.06929138530460494,3,2,35.5
648,0.7280898876404495,0.0,1.0,0.34656948982156316,0.0,0.0,0.014736618564782174,2,2,7.55
649,0.7292134831460675,1.0,1.0,0.2837396330736366,0.0,0.0,0.014736618564782174,2,3,7.55
650,0.7303370786516854,0.0,1.0,0.34656948982156316,0.0,0.0,0.015411575213749286,2,2,7.8958
651,0.7314606741573034,1.0,0.5,0.22090977632571,0.0,0.16666666666666666,0.044893010197349675,2,3,23.0
652,0.7325842696629213,0.0,1.0,0.2586076903744659,0.0,0.0,0.01646070534336126,2,2,8.4333
653,0.7337078651685394,1.0,1.0,0.34656948982156316,0.0,0.0,0.015281580671177828,4,3,7.8292
654,0.7348314606741573,0.0,1.0,0.22090977632571,0.0,0.0,0.013175122557917838,4,3,6.75
655,0.7359550561797753,0.0,0.5,0.2963056044232219,0.25,0.0,0.1434624456306609,2,2,73.5
656,0.7370786516853933,0.0,1.0,0.34656948982156316,0.0,0.0,0.015411575213749286,2,2,7.8958
657,0.7382022471910112,0.0,1.0,0.39683337521990447,0.125,0.16666666666666666,0.030253985132996517,4,3,15.5
658,0.7393258426966293,0.0,0.5,0.2837396330736366,0.0,0.0,0.025374310111545468,2,2,13.0
659,0.7404494382022472,0.0,0.0,0.723548630309123,0.0,0.3333333333333333,0.22109807522194713,3,2,113.275
660,0.7415730337078652,1.0,0.0,0.6230208595124404,0.25,0.0,0.2608674266467732,2,2,133.65
661,0.7426966292134831,0.0,1.0,0.49736114601658704,0.0,0.0,0.014102260811993537,3,2,7.225
662,0.7438202247191011,0.0,0.0,0.5853229454636844,0.0,0.0,0.04994347384455151,2,2,25.5875
663,0.7449438202247192,0.0,1.0,0.4470972606182458,0.0,0.0,0.014630827210317117,2,2,7.4958
664,0.7460674157303371,1.0,1.0,0.24604171902488062,0.125,0.0,0.015468569817999833,2,2,7.925
665,0.7471910112359551,0.0,0.5,0.39683337521990447,0.25,0.0,0.1434624456306609,2,2,73.5
666,0.748314606741573,0.0,0.5,0.3088715757728072,0.0,0.0,0.025374310111545468,2,2,13.0
667,0.749438202247191,0.0,1.0,0.34656948982156316,0.0,0.0,0.015175789316712771,2,2,7.775
668,0.750561797752809,0.0,1.0,0.5350590600653431,0.0,0.0,0.015712553569072387,2,2,8.05
669,0.751685393258427,1.0,0.0,0.34656948982156316,0.125,0.0,0.10149724044618187,2,3,52.0
670,0.752808988764045,1.0,0.5,0.49736114601658704,0.125,0.16666666666666666,0.07612293033463641,2,3,39.0
671,0.7539325842696629,0.0,0.0,0.38426740387031916,0.125,0.0,0.10149724044618187,2,2,52.0
672,0.755056179775281,0.0,0.5,0.8743402865041467,0.0,0.0,0.020494635090094415,2,2,10.5
673,0.7561797752808989,1.0,0.5,0.38426740387031916,0.0,0.0,0.025374310111545468,2,2,13.0
674,0.7573033707865169,0.0,0.5,0.34656948982156316,0.0,0.0,0.0,2,2,0.0
675,0.7584269662921348,0.0,1.0,0.22090977632571,0.0,0.0,0.015175789316712771,2,2,7.775
676,0.7595505617977528,0.0,1.0,0.30258859009801453,0.0,0.0,0.015712553569072387,2,2,8.05
677,0.7606741573033708,1.0,1.0,0.22090977632571,0.0,0.0,0.019209719063445922,2,3,9.8417
678,0.7617977528089888,0.0,1.0,0.5350590600653431,0.125,1.0,0.09154270340242172,2,3,46.9
679,0.7629213483146068,1.0,0.0,0.4470972606182458,0.0,0.16666666666666666,1.0,3,2,512.3292
680,0.7640449438202247,0.0,1.0,0.34656948982156316,0.0,0.0,0.01588334219482317,4,3,8.1375
681,0.7651685393258427,1.0,0.0,0.33400351847197784,0.0,0.0,0.1497654242623688,3,2,76.7292
682,0.7662921348314607,0.0,1.0,0.24604171902488062,0.0,0.0,0.01800600082915438,2,2,9.225
683,0.7674157303370787,0.0,1.0,0.17064589092736868,0.625,0.3333333333333333,0.09154270340242172,2,2,46.9
684,0.7685393258426967,0.0,0.5,0.7486805730082936,0.125,0.16666666666666666,0.07612293033463641,2,2,39.0
685,0.7696629213483146,0.0,0.5,0.3088715757728072,0.125,0.3333333333333333,0.08115719346076702,3,2,41.5792
686,0.7707865168539326,0.0,1.0,0.17064589092736868,0.5,0.16666666666666666,0.07746484096553544,2,2,39.6875
687,0.7719101123595505,0.0,1.0,0.2334757476752953,0.0,0.0,0.019852079483269742,2,2,10.1708
688,0.7730337078651686,0.0,1.0,0.22090977632571,0.0,0.0,0.015216388212891242,2,2,7.7958
689,0.7741573033707866,1.0,0.0,0.18321186227695402,0.0,0.16666666666666666,0.41250332793836464,2,3,211.3375
690,0.7752808988764045,1.0,0.0,0.38426740387031916,0.125,0.0,0.11125659048908397,2,2,57.0
691,0.7764044943820225,1.0,1.0,0.04498617743151546,0.0,0.16666666666666666,0.026187654344120927,3,3,13.4167
692,0.7775280898876404,1.0,1.0,0.34656948982156316,0.0,0.0,0.11027245763075773,2,2,56.4958
693,0.7786516853932585,0.0,1.0,0.3088715757728072,0.0,0.0,0.014102260811993537,3,2,7.225
694,0.7797752808988764,0.0,0.0,0.7486805730082936,0.0,0.0,0.051822148727810165,2,2,26.55
695,0.7808988764044944,0.0,0.5,0.648152802211611,0.0,0.0,0.026350245115835676,2,2,13.5
696,0.7820224719101124,0.0,1.0,0.5476250314149284,0.0,0.0,0.015712553569072387,2,2,8.05
697,0.7831460674157303,1.0,1.0,0.34656948982156316,0.0,0.0,0.015094396337354966,4,3,7.7333
698,0.7842696629213484,0.0,0.0,0.610454888162855,0.125,0.16666666666666666,0.21642978772242535,3,2,110.8833
699,0.7853932584269663,0.0,1.0,0.5224930887157577,0.0,0.0,0.014931805565640218,2,2,7.65
700,0.7865168539325843,1.0,0.0,0.22090977632571,0.125,0.0,0.4440992237022602,3,3,227.525
701,0.7876404494382022,1.0,0.0,0.4345312892686604,0.0,0.0,0.05130978285055781,2,2,26.2875
702,0.7887640449438202,0.0,1.0,0.22090977632571,0.0,0.16666666666666666,0.028212719478023115,3,3,14.4542
703,0.7898876404494383,0.0,1.0,0.3088715757728072,0.0,0.0,0.015110792045427042,4,2,7.7417
704,0.7910112359550562,0.0,1.0,0.32143754712239253,0.125,0.0,0.015330377421392339,2,2,7.8542
705,0.7921348314606742,0.0,0.5,0.4847951746670017,0.0,0.0,0.050748620223090936,2,2,26.0
706,0.7932584269662921,1.0,0.5,0.5601910027645137,0.0,0.0,0.026350245115835676,2,3,13.5
707,0.7943820224719101,1.0,0.0,0.5224930887157577,0.0,0.0,0.05130978285055781,2,2,26.2875
708,0.7955056179775282,1.0,0.0,0.2711736617240512,0.0,0.0,0.29580589980036276,2,3,151.55
709,0.7966292134831461,1.0,1.0,0.34656948982156316,0.125,0.16666666666666666,0.029757819776815374,3,2,15.2458
710,0.7977528089887641,1.0,0.0,0.2963056044232219,0.0,0.0,0.09662576327876685,3,3,49.5042
711,0.798876404494382,0.0,0.0,0.34656948982156316,0.0,0.0,0.051822148727810165,2,2,26.55
712,0.8,1.0,0.0,0.5978889168132697,0.125,0.0,0.10149724044618187,2,2,52.0
713,0.801123595505618,0.0,1.0,0.35913546117114853,0.0,0.0,0.018510168852370702,2,2,9.4833
714,0.802247191011236,0.0,0.5,0.648152802211611,0.0,0.0,0.025374310111545468,2,2,13.0
715,0.803370786516854,0.0,1.0,0.2334757476752953,0.0,0.0,0.014931805565640218,2,2,7.65
716,0.8044943820224719,1.0,0.0,0.4722292033174164,0.0,0.0,0.4440992237022602,3,3,227.525
717,0.80561797752809,1.0,0.5,0.33400351847197784,0.0,0.0,0.020494635090094415,2,3,10.5
718,0.8067415730337079,0.0,1.0,0.34656948982156316,0.0,0.0,0.030253985132996517,4,2,15.5
719,0.8078651685393259,0.0,1.0,0.4093993465694898,0.0,0.0,0.015175789316712771,2,2,7.775
720,0.8089887640449438,1.0,0.5,0.0701181201306861,0.0,0.16666666666666666,0.06441171028315387,2,3,33.0
721,0.8101123595505618,0.0,1.0,0.20834380497612465,0.125,0.0,0.013768881414528002,2,2,7.0542
722,0.8112359550561798,0.0,0.5,0.4219653179190751,0.0,0.0,0.025374310111545468,2,2,13.0
723,0.8123595505617978,0.0,0.5,0.6230208595124404,0.0,0.0,0.025374310111545468,2,2,13.0
724,0.8134831460674158,1.0,0.0,0.33400351847197784,0.125,0.0,0.10364429745562033,2,2,53.1
725,0.8146067415730337,0.0,1.0,0.24604171902488062,0.0,0.0,0.016908073949327893,2,2,8.6625
726,0.8157303370786517,1.0,0.5,0.37170143252073384,0.375,0.0,0.04098927018018883,2,3,21.0
727,0.8168539325842696,1.0,1.0,0.34656948982156316,0.0,0.0,0.015102594191391004,4,3,7.7375
728,0.8179775280898877,0.0,0.5,0.3088715757728072,0.125,0.0,0.050748620223090936,2,2,26.0
729,0.8191011235955057,0.0,1.0,0.3088715757728072,0.125,0.0,0.015468569817999833,2,3,7.925
730,0.8202247191011236,1.0,0.0,0.35913546117114853,0.0,0.0,0.41250332793836464,2,3,211.3375
731,0.8213483146067416,0.0,1.0,0.1329479768786127,0.0,0.0,0.036670757786204655,3,2,18.7875
732,0.8224719101123595,0.0,0.5,0.34656948982156316,0.0,0.0,0.0,2,2,0.0
733,0.8235955056179776,0.0,0.5,0.2837396330736366,0.0,0.0,0.025374310111545468,2,2,13.0
734,0.8247191011235955,0.0,0.5,0.2837396330736366,0.0,0.0,0.025374310111545468,2,2,13.0
735,0.8258426966292135,0.0,1.0,0.35285247549635584,0.0,0.0,0.031425107138144774,2,2,16.1
736,0.8269662921348315,0.0,1.0,0.5978889168132697,0.125,0.5,0.06709553154495196,2,3,34.375
737,0.8280898876404494,1.0,0.0,0.4345312892686604,0.0,0.0,1.0,3,2,512.3292
738,0.8292134831460675,0.0,1.0,0.34656948982156316,0.0,0.0,0.015411575213749286,2,2,7.8958
739,0.8303370786516854,0.0,1.0,0.34656948982156316,0.0,0.0,0.015411575213749286,2,2,7.8958
740,0.8314606741573034,1.0,0.0,0.34656948982156316,0.0,0.0,0.05855610025741262,2,2,30.0
741,0.8325842696629214,0.0,0.0,0.4470972606182458,0.125,0.0,0.15390495017656614,2,2,78.85
742,0.8337078651685393,1.0,0.0,0.2586076903744659,0.25,0.3333333333333333,0.5121218935012878,3,3,262.375
743,0.8348314606741574,0.0,1.0,0.2963056044232219,0.125,0.0,0.031425107138144774,2,2,16.1
744,0.8359550561797753,1.0,1.0,0.38426740387031916,0.0,0.0,0.015468569817999833,2,2,7.925
745,0.8370786516853933,0.0,0.0,0.8743402865041467,0.125,0.16666666666666666,0.13858277060920987,2,2,71.0
746,0.8382022471910112,0.0,1.0,0.19577783362653933,0.125,0.16666666666666666,0.03952536767375352,2,2,20.25
747,0.8393258426966292,1.0,0.5,0.37170143252073384,0.0,0.0,0.025374310111545468,2,3,13.0
748,0.8404494382022473,0.0,0.0,0.2334757476752953,0.125,0.0,0.10364429745562033,2,2,53.1
749,0.8415730337078652,0.0,1.0,0.38426740387031916,0.0,0.0,0.015126992566498259,4,2,7.75
750,0.8426966292134832,1.0,0.5,0.04498617743151546,0.125,0.16666666666666666,0.044893010197349675,2,3,23.0
751,0.8438202247191011,1.0,1.0,0.0701181201306861,0.0,0.16666666666666666,0.024349578357040744,2,2,12.475
752,0.8449438202247191,0.0,1.0,0.4093993465694898,0.0,0.0,0.018542765081513996,2,2,9.5
753,0.8460674157303371,0.0,1.0,0.2837396330736366,0.0,0.0,0.015411575213749286,2,2,7.8958
754,0.8471910112359551,1.0,0.5,0.5978889168132697,0.125,0.3333333333333333,0.12687155055772734,2,3,65.0
755,0.8483146067415731,1.0,0.5,0.003141492837396331,0.125,0.16666666666666666,0.028302115124416098,2,2,14.5
756,0.849438202247191,0.0,1.0,0.34656948982156316,0.0,0.0,0.015216388212891242,2,2,7.7958
757,0.850561797752809,0.0,0.5,0.22090977632571,0.0,0.0,0.022446505098674838,2,2,11.5
758,0.851685393258427,0.0,1.0,0.4219653179190751,0.0,0.0,0.015712553569072387,2,2,8.05
759,0.852808988764045,1.0,0.0,0.4093993465694898,0.0,0.0,0.16883675574220638,2,3,86.5
760,0.8539325842696629,0.0,1.0,0.34656948982156316,0.0,0.0,0.028302115124416098,2,2,14.5
761,0.8550561797752809,0.0,1.0,0.5099271173661725,0.0,0.0,0.013907073811135496,2,2,7.125
762,0.856179775280899,1.0,1.0,0.24604171902488062,0.0,0.0,0.014110458666029575,3,2,7.2292
763,0.8573033707865169,1.0,0.0,0.4470972606182458,0.125,0.3333333333333333,0.23422440102965048,2,3,120.0
764,0.8584269662921349,0.0,1.0,0.19577783362653933,0.0,0.0,0.015175789316712771,2,2,7.775
765,0.8595505617977528,1.0,0.0,0.6355868308620256,0.125,0.0,0.15216446768991498,2,3,77.9583
766,0.8606741573033708,0.0,0.0,0.34656948982156316,0.0,0.0,0.07729405233978466,3,2,39.6
767,0.8617977528089887,0.0,1.0,0.3779844181955265,0.0,0.0,0.015126992566498259,4,3,7.75
768,0.8629213483146068,0.0,1.0,0.34656948982156316,0.125,0.0,0.04713766070721715,4,2,24.15
769,0.8640449438202248,0.0,1.0,0.39683337521990447,0.0,0.0,0.016322512946753766,2,2,8.3625
770,0.8651685393258427,0.0,1.0,0.2963056044232219,0.0,0.0,0.018542765081513996,2,2,9.5
771,0.8662921348314607,0.0,1.0,0.5978889168132697,0.0,0.0,0.015330377421392339,2,2,7.8542
772,0.8674157303370786,0.0,0.5,0.7109826589595376,0.0,0.0,0.020494635090094415,2,3,10.5
773,0.8685393258426967,0.0,1.0,0.34656948982156316,0.0,0.0,0.014102260811993537,3,2,7.225
774,0.8696629213483147,1.0,0.5,0.6732847449107816,0.125,0.5,0.044893010197349675,2,3,23.0
775,0.8707865168539326,0.0,1.0,0.22090977632571,0.0,0.0,0.015126992566498259,2,2,7.75
776,0.8719101123595506,0.0,1.0,0.34656948982156316,0.0,0.0,0.015126992566498259,4,2,7.75
777,0.8730337078651685,1.0,1.0,0.05755214878110078,0.0,0.0,0.024349578357040744,2,3,12.475
778,0.8741573033707866,0.0,1.0,0.34656948982156316,0.0,0.0,0.015102594191391004,4,2,7.7375
779,0.8752808988764045,1.0,0.0,0.5350590600653431,0.0,0.16666666666666666,0.41250332793836464,2,3,211.3375
780,0.8764044943820225,1.0,1.0,0.15807991957778336,0.0,0.0,0.014110458666029575,3,3,7.2292
781,0.8775280898876405,1.0,0.0,0.20834380497612465,0.125,0.0,0.11125659048908397,2,3,57.0
782,0.8786516853932584,0.0,0.0,0.35913546117114853,0.0,0.0,0.05855610025741262,2,2,30.0
783,0.8797752808988765,0.0,1.0,0.34656948982156316,0.125,0.3333333333333333,0.04577135170121086,2,2,23.45
784,0.8808988764044944,0.0,1.0,0.3088715757728072,0.0,0.0,0.013760683560491965,2,2,7.05
785,0.8820224719101124,0.0,1.0,0.3088715757728072,0.0,0.0,0.014151057562208049,2,2,7.25
786,0.8831460674157303,1.0,1.0,0.22090977632571,0.0,0.0,0.014630827210317117,2,3,7.4958
787,0.8842696629213483,0.0,1.0,0.09525006282985675,0.5,0.16666666666666666,0.05684821399990475,4,2,29.125
788,0.8853932584269664,1.0,1.0,0.007288263382759488,0.125,0.3333333333333333,0.04015972542654215,2,2,20.575
789,0.8865168539325843,0.0,0.0,0.5727569741140991,0.0,0.0,0.15458810467956932,3,2,79.2
790,0.8876404494382023,0.0,1.0,0.34656948982156316,0.0,0.0,0.015126992566498259,4,2,7.75
791,0.8887640449438202,0.0,0.5,0.19577783362653933,0.0,0.0,0.050748620223090936,2,2,26.0
792,0.8898876404494382,0.0,1.0,0.34656948982156316,1.0,0.3333333333333333,0.13575255909676825,2,3,69.55
793,0.8910112359550562,0.0,0.0,0.34656948982156316,0.0,0.0,0.05991421140938287,3,2,30.6958
794,0.8921348314606742,0.0,1.0,0.3088715757728072,0.0,0.0,0.015411575213749286,2,2,7.8958
795,0.8932584269662922,0.0,0.5,0.4847951746670017,0.0,0.0,0.025374310111545468,2,2,13.0
796,0.8943820224719101,1.0,0.0,0.610454888162855,0.0,0.0,0.050610427826483444,2,3,25.9292
797,0.8955056179775281,1.0,1.0,0.38426740387031916,0.0,0.0,0.016948672845506364,2,3,8.6833
798,0.8966292134831461,0.0,1.0,0.37170143252073384,0.0,0.0,0.014110458666029575,3,2,7.2292
799,0.8977528089887641,0.0,1.0,0.37170143252073384,0.125,0.16666666666666666,0.04713766070721715,2,3,24.15
800,0.8988764044943821,0.0,0.5,0.4219653179190751,0.0,0.0,0.025374310111545468,2,2,13.0
801,0.9,1.0,0.5,0.38426740387031916,0.125,0.16666666666666666,0.05123658772523604,2,3,26.25
802,0.901123595505618,1.0,0.0,0.1329479768786127,0.125,0.3333333333333333,0.23422440102965048,2,2,120.0
803,0.902247191011236,1.0,1.0,0.0,0.0,0.16666666666666666,0.016623491302076868,3,2,8.5167
804,0.903370786516854,1.0,1.0,0.33400351847197784,0.0,0.0,0.013614293309848433,2,2,6.975
805,0.9044943820224719,0.0,1.0,0.38426740387031916,0.0,0.0,0.015175789316712771,2,2,7.775
806,0.9056179775280899,0.0,0.0,0.4847951746670017,0.0,0.0,0.0,2,2,0.0
807,0.906741573033708,0.0,1.0,0.22090977632571,0.0,0.0,0.015175789316712771,2,3,7.775
808,0.9078651685393259,0.0,0.5,0.4847951746670017,0.0,0.0,0.025374310111545468,2,2,13.0
809,0.9089887640449439,1.0,0.0,0.4093993465694898,0.125,0.0,0.10364429745562033,2,3,53.1
810,0.9101123595505618,0.0,1.0,0.32143754712239253,0.0,0.0,0.015395374692678068,2,2,7.8875
811,0.9112359550561798,0.0,1.0,0.4847951746670017,0.0,0.0,0.04713766070721715,2,2,24.15
812,0.9123595505617977,0.0,0.5,0.4345312892686604,0.0,0.0,0.020494635090094415,2,2,10.5
813,0.9134831460674158,0.0,1.0,0.0701181201306861,0.5,0.3333333333333333,0.06104473451835265,2,3,31.275
814,0.9146067415730338,0.0,1.0,0.3779844181955265,0.0,0.0,0.015712553569072387,2,2,8.05
815,0.9157303370786517,0.0,0.0,0.34656948982156316,0.0,0.0,0.0,2,2,0.0
816,0.9168539325842697,0.0,1.0,0.2837396330736366,0.0,0.0,0.015468569817999833,2,3,7.925
817,0.9179775280898876,0.0,0.5,0.38426740387031916,0.125,0.16666666666666666,0.07222738817151159,3,2,37.0042
818,0.9191011235955057,0.0,1.0,0.5350590600653431,0.0,0.0,0.012589561555343713,2,2,6.45
819,0.9202247191011236,0.0,1.0,0.12038200552902739,0.375,0.3333333333333333,0.05445717323939373,2,2,27.9
820,0.9213483146067416,1.0,0.0,0.648152802211611,0.125,0.16666666666666666,0.18249984580226933,2,3,93.5
821,0.9224719101123596,1.0,1.0,0.33400351847197784,0.0,0.0,0.016908073949327893,2,2,8.6625
822,0.9235955056179775,0.0,0.0,0.4722292033174164,0.0,0.0,0.0,2,2,0.0
823,0.9247191011235956,1.0,1.0,0.33400351847197784,0.0,0.16666666666666666,0.024349578357040744,2,3,12.475
824,0.9258426966292135,0.0,1.0,0.01985423473234481,0.5,0.16666666666666666,0.07746484096553544,2,2,39.6875
825,0.9269662921348315,0.0,1.0,0.34656948982156316,0.0,0.0,0.013565496559633922,4,2,6.95
826,0.9280898876404494,0.0,1.0,0.34656948982156316,0.0,0.0,0.11027245763075773,2,2,56.4958
827,0.9292134831460674,1.0,0.5,0.007288263382759488,0.0,0.3333333333333333,0.07222738817151159,3,2,37.0042
828,0.9303370786516855,1.0,1.0,0.34656948982156316,0.0,0.0,0.015126992566498259,4,2,7.75
829,0.9314606741573034,1.0,0.0,0.7738125157074642,0.0,0.0,0.15614960068643363,2,3,80.0
830,0.9325842696629214,1.0,1.0,0.18321186227695402,0.125,0.0,0.028212719478023115,3,3,14.4542
831,0.9337078651685393,1.0,0.5,0.005152048253329982,0.125,0.16666666666666666,0.03659756266088288,2,2,18.75
832,0.9348314606741573,0.0,1.0,0.34656948982156316,0.0,0.0,0.014110458666029575,3,2,7.2292
833,0.9359550561797754,0.0,1.0,0.2837396330736366,0.0,0.0,0.015330377421392339,2,2,7.8542
834,0.9370786516853933,0.0,1.0,0.22090977632571,0.0,0.0,0.016200521071217493,2,2,8.3
835,0.9382022471910113,1.0,0.0,0.4847951746670017,0.125,0.16666666666666666,0.16231419173453318,3,3,83.1583
836,0.9393258426966292,0.0,1.0,0.2586076903744659,0.0,0.0,0.016908073949327893,2,2,8.6625
837,0.9404494382022472,0.0,1.0,0.34656948982156316,0.0,0.0,0.015712553569072387,2,2,8.05
838,0.9415730337078652,1.0,1.0,0.39683337521990447,0.0,0.0,0.11027245763075773,2,2,56.4958
839,0.9426966292134832,1.0,0.0,0.34656948982156316,0.0,0.0,0.057970539254838485,3,2,29.7
840,0.9438202247191012,0.0,1.0,0.24604171902488062,0.0,0.0,0.015468569817999833,2,2,7.925
841,0.9449438202247191,0.0,0.5,0.19577783362653933,0.0,0.0,0.020494635090094415,2,2,10.5
842,0.9460674157303371,1.0,0.0,0.37170143252073384,0.0,0.0,0.060507970265993034,3,3,31.0
843,0.9471910112359551,0.0,1.0,0.4282483035938678,0.0,0.0,0.012565163180236457,3,2,6.4375
844,0.9483146067415731,0.0,1.0,0.20834380497612465,0.0,0.0,0.016908073949327893,2,2,8.6625
845,0.949438202247191,0.0,1.0,0.5224930887157577,0.0,0.0,0.014736618564782174,2,2,7.55
846,0.950561797752809,0.0,1.0,0.34656948982156316,1.0,0.3333333333333333,0.13575255909676825,2,2,69.55
847,0.951685393258427,0.0,1.0,0.4345312892686604,0.0,0.0,0.015411575213749286,3,2,7.8958
848,0.952808988764045,0.0,0.5,0.34656948982156316,0.0,0.16666666666666666,0.06441171028315387,2,2,33.0
849,0.953932584269663,1.0,0.0,0.34656948982156316,0.125,0.0,0.17391981561855152,3,3,89.1042
850,0.9550561797752809,0.0,1.0,0.04498617743151546,0.5,0.3333333333333333,0.06104473451835265,2,2,31.275
851,0.9561797752808989,0.0,1.0,0.9246041719024881,0.0,0.0,0.015175789316712771,2,2,7.775
852,0.9573033707865168,0.0,1.0,0.10781603417944208,0.125,0.16666666666666666,0.029757819776815374,3,3,15.2458
853,0.9584269662921349,1.0,0.0,0.19577783362653933,0.0,0.16666666666666666,0.07690367833806856,2,3,39.4
854,0.9595505617977529,0.0,0.5,0.5476250314149284,0.125,0.0,0.050748620223090936,2,3,26.0
855,0.9606741573033708,1.0,1.0,0.22090977632571,0.0,0.16666666666666666,0.018249984580226933,2,3,9.35
856,0.9617977528089888,1.0,0.0,0.5601910027645137,0.125,0.16666666666666666,0.32179836714362564,2,3,164.8667
857,0.9629213483146067,1.0,0.0,0.6355868308620256,0.0,0.0,0.051822148727810165,2,2,26.55
858,0.9640449438202248,1.0,1.0,0.2963056044232219,0.0,0.5,0.03758969818624431,3,3,19.2583
859,0.9651685393258428,0.0,1.0,0.34656948982156316,0.0,0.0,0.014110458666029575,3,2,7.2292
860,0.9662921348314607,0.0,1.0,0.5099271173661725,0.25,0.0,0.027537567642055148,2,2,14.1083
861,0.9674157303370787,0.0,0.5,0.2586076903744659,0.125,0.0,0.022446505098674838,2,2,11.5
862,0.9685393258426966,1.0,0.0,0.5978889168132697,0.0,0.0,0.050610427826483444,2,3,25.9292
863,0.9696629213483147,0.0,1.0,0.34656948982156316,1.0,0.3333333333333333,0.13575255909676825,2,3,69.55
864,0.9707865168539326,0.0,0.5,0.2963056044232219,0.0,0.0,0.025374310111545468,2,2,13.0
865,0.9719101123595506,1.0,0.5,0.5224930887157577,0.0,0.0,0.025374310111545468,2,3,13.0
866,0.9730337078651686,1.0,0.5,0.33400351847197784,0.125,0.0,0.027049600139910042,3,3,13.8583
867,0.9741573033707865,0.0,0.0,0.38426740387031916,0.0,0.0,0.09856123757927521,2,2,50.4958
868,0.9752808988764046,0.0,1.0,0.34656948982156316,0.0,0.0,0.018542765081513996,2,2,9.5
869,0.9764044943820225,1.0,1.0,0.04498617743151546,0.125,0.16666666666666666,0.021730754366528396,2,2,11.1333
870,0.9775280898876405,0.0,1.0,0.32143754712239253,0.0,0.0,0.015411575213749286,2,2,7.8958
871,0.9786516853932584,1.0,0.0,0.5853229454636844,0.125,0.16666666666666666,0.10257896680493714,2,3,52.5542
872,0.9797752808988764,0.0,0.0,0.4093993465694898,0.0,0.0,0.009759350042902102,2,2,5.0
873,0.9808988764044945,0.0,1.0,0.5853229454636844,0.0,0.0,0.017566830077223785,2,2,9.0
874,0.9820224719101124,1.0,0.5,0.34656948982156316,0.125,0.0,0.04684488020593009,3,3,24.0
875,0.9831460674157304,1.0,1.0,0.18321186227695402,0.0,0.0,0.014102260811993537,3,3,7.225
876,0.9842696629213483,0.0,1.0,0.24604171902488062,0.0,0.0,0.019217721730481106,2,2,9.8458
877,0.9853932584269663,0.0,1.0,0.2334757476752953,0.0,0.0,0.015411575213749286,2,2,7.8958
878,0.9865168539325843,0.0,1.0,0.34656948982156316,0.0,0.0,0.015411575213749286,2,2,7.8958
879,0.9876404494382023,1.0,0.0,0.6984166876099522,0.0,0.16666666666666666,0.16231419173453318,3,3,83.1583
880,0.9887640449438203,1.0,0.5,0.3088715757728072,0.0,0.16666666666666666,0.050748620223090936,2,3,26.0
881,0.9898876404494382,0.0,1.0,0.4093993465694898,0.0,0.0,0.015411575213749286,2,2,7.8958
882,0.9910112359550562,0.0,1.0,0.2711736617240512,0.0,0.0,0.02052723131923771,2,3,10.5167
883,0.9921348314606742,0.0,0.5,0.34656948982156316,0.0,0.0,0.020494635090094415,2,2,10.5
884,0.9932584269662922,0.0,1.0,0.3088715757728072,0.0,0.0,0.013760683560491965,2,2,7.05
885,0.9943820224719101,0.0,1.0,0.4847951746670017,0.0,0.8333333333333333,0.05684821399990475,4,3,29.125
886,0.9955056179775281,0.0,0.5,0.33400351847197784,0.0,0.0,0.025374310111545468,2,2,13.0
887,0.9966292134831461,1.0,0.0,0.2334757476752953,0.0,0.0,0.05855610025741262,2,3,30.0
888,0.9977528089887641,0.0,1.0,0.34656948982156316,0.125,0.3333333333333333,0.04577135170121086,2,3,23.45
889,0.998876404494382,1.0,0.0,0.32143754712239253,0.0,0.0,0.05855610025741262,3,2,30.0
890,1.0000000000000002,0.0,1.0,0.39683337521990447,0.0,0.0,0.015126992566498259,4,2,7.75
